document_id,sha256,source_file,stored_pdf,file_size,page_count,document_type,classification_score,title,year,court,case_number,decision_date,used_ocr,ocr_page_count,native_page_count,extracted_characters,status,warnings,chunk_count,processed_at
legal:0f2ec3d678cfd410ca28d289,0f2ec3d678cfd410ca28d289edb233d3693bb4bdffaad688c652cb1b75308bd7,D:\Nova Legal\Indian Legal\processed_corpus\_work\extracted_input\raw\01-original.pdf,D:\Nova Legal\Indian Legal\processed_corpus\unique_pdfs\judgments\01-original_0f2ec3d678cf.pdf,6839579,2,judgments,4,HIGH COURT OF DELHI:NEW DELHI,2026,High Court Of Delhi,,13.07.2026,False,0,2,4798,processed,[],1,2026-08-06T07:07:21.606187+00:00
legal:f0a90a691166cbf2aedb34c2,f0a90a691166cbf2aedb34c2ee4e9c1052e68ea791aec4f745c99929f4af7316,D:\Nova Legal\Indian Legal\processed_corpus\_work\extracted_input\raw\12175.pdf,D:\Nova Legal\Indian Legal\processed_corpus\unique_pdfs\acts\12175_f0a90a691166.pdf,1957547,8,acts,9,IN THE HIGH COURT OF DELHI AT NEW DELHI,2000,High Court Of Delhi At New Delhi,,,True,1,7,11085,processed,[],3,2026-08-06T07:07:23.746981+00:00
legal:6ca5802481f42e0c0c6749cb,6ca5802481f42e0c0c6749cbc090620f211c74e097d9cae0b8a83f7e65cd1de3,D:\Nova Legal\Indian Legal\processed_corpus\_work\extracted_input\raw\12782.pdf,D:\Nova Legal\Indian Legal\processed_corpus\unique_pdfs\acts\12782_6ca5802481f4.pdf,2252257,9,acts,9,IN THE HIGH COURT OF DELHI AT NEW DELHI,1964,High Court Of Delhi At New Delhi,,,False,0,9,14144,processed,[],3,2026-08-06T07:07:24.026851+00:00
legal:1baf018b78f9b068b8100aa9,1baf018b78f9b068b8100aa93dcce8e354465ceef298d82bc133dbf89272e428,D:\Nova Legal\Indian Legal\processed_corpus\_work\extracted_input\raw\16it.pdf,D:\Nova Legal\Indian Legal\processed_corpus\unique_pdfs\rules\16it_1baf018b78f9.pdf,286476,1,rules,4,"lIIGII COUR'1- OF DEI,Ill: NEW DEI,III",2026,Supreme Court Of India,,06.02.2026,False,0,1,2541,processed,[],1,2026-08-06T07:07:24.087894+00:00
legal:9a1537c27f9839a1043ae244,9a1537c27f9839a1043ae244e3e715a60b266b5409cf38c7c18e3a2d43c88574,D:\Nova Legal\Indian Legal\processed_corpus\_work\extracted_input\raw\2011amendmentinDMCAct1957_290420175B15D.pdf,D:\Nova Legal\Indian Legal\processed_corpus\unique_pdfs\acts\2011amendmentinDMCAct1957_290420175B15D_9a1537c27f98.pdf,20295864,29,acts,1,Act na fies) Soll,,,,,True,2,0,49,processed,"['Low-confidence document classification', 'Very little text extracted']",1,2026-08-06T07:07:40.234788+00:00
legal:13e2b6eb66add222c7262cca,13e2b6eb66add222c7262ccaa0b08d58e48ca22cdf0953f6541123ef039de239,D:\Nova Legal\Indian Legal\processed_corpus\_work\extracted_input\raw\250882_english_01042024_0.pdf,D:\Nova Legal\Indian Legal\processed_corpus\unique_pdfs\notifications\250882_english_01042024_0_13e2b6eb66ad.pdf,670370,47,notifications,19,"jftLVªh lañ Mhñ ,yñ—(,u)04@0007@2003—23 REGISTERED NO. DL—(N)04/0007/2003—23",2003,,,,False,0,47,170574,processed,[],41,2026-08-06T07:07:43.264516+00:00
legal:c9da896e7a16c481a4623578,c9da896e7a16c481a46235789f74f545b7a9ed7f3a5c8049d0b1b9252c6731f4,D:\Nova Legal\Indian Legal\processed_corpus\_work\extracted_input\raw\250883_english_01042024.pdf,D:\Nova Legal\Indian Legal\processed_corpus\unique_pdfs\judgments\250883_english_01042024_c9da896e7a16.pdf,1324200,102,judgments,4,"jftLVªh lañ Mhñ ,yñ—(,u)04@0007@2003—23 REGISTERED NO. DL—(N)04/0007/2003—23",2003,,,,False,0,102,408723,processed,[],99,2026-08-06T07:07:47.901817+00:00
legal:5e60e2afe30d0fe7eca4f812,5e60e2afe30d0fe7eca4f8126301146b76c86a444e690581f81eb564843517fe,D:\Nova Legal\Indian Legal\processed_corpus\_work\extracted_input\raw\250884_2_english_01042024.pdf,D:\Nova Legal\Indian Legal\processed_corpus\unique_pdfs\notifications\250884_2_english_01042024_5e60e2afe30d.pdf,2033181,249,notifications,28,"jftLVªh lañ Mhñ ,yñ—(,u)04@0007@2003—23 REGISTERED NO. DL—(N)04/0007/2003—23",2003,Supreme Court Of India,,,False,0,249,854442,processed,[],217,2026-08-06T07:07:56.508946+00:00
legal:faa8ad87b5a364d3182776b8,faa8ad87b5a364d3182776b8df211ea7dcdec37ab3494cd12c44b6459ed8226d,D:\Nova Legal\Indian Legal\processed_corpus\_work\extracted_input\raw\32.d3.pdf,D:\Nova Legal\Indian Legal\processed_corpus\unique_pdfs\judgments\32.d3_faa8ad87b5a3.pdf,9205875,13,judgments,3,HIGH COURT OF DELHI: NEW DELHI,2026,Supreme Court Of India,W.P.(Criminal) No. 1/2026,04.08.2026,False,0,13,27400,processed,[],7,2026-08-06T07:07:57.084029+00:00
legal:bdd7b0dbfb49a55acb952041,bdd7b0dbfb49a55acb952041fd5dd5a2962f64aefebf5612447613b649f81962,D:\Nova Legal\Indian Legal\processed_corpus\_work\extracted_input\raw\33.dhc.pdf,D:\Nova Legal\Indian Legal\processed_corpus\unique_pdfs\acts\33.dhc_bdd7b0dbfb49.pdf,9314143,12,acts,8,HIGH COURT OF DELHI: NEW DELHI,2026,High Court Of Delhi,,04.08.2026,False,0,12,13564,processed,[],3,2026-08-06T07:07:58.460140+00:00
legal:f35268d760497a44ae8db52e,f35268d760497a44ae8db52e6e98ce730a277c86b76a2149ded03742c698e539,D:\Nova Legal\Indian Legal\processed_corpus\_work\extracted_input\raw\33673_2026_1_12_72183_order_24-jul-2026.pdf,D:\Nova Legal\Indian Legal\processed_corpus\unique_pdfs\judgments\33673_2026_1_12_72183_order_24-jul-2026_f35268d76049.pdf,200051,8,judgments,49,ITEM NO.12 COURT NO.1 SECTION PIL-W,2026,High Court Of Andhra Pradesh,,24-07-2026,False,0,8,8776,processed,[],2,2026-08-06T07:07:58.715981+00:00
legal:f4709fc70a665ddd77c579e3,f4709fc70a665ddd77c579e3ec0a5133de9e7da6a90ebcece25da65e0ccbbe39,D:\Nova Legal\Indian Legal\processed_corpus\_work\extracted_input\raw\34.pdf,D:\Nova Legal\Indian Legal\processed_corpus\unique_pdfs\orders\34_f4709fc70a66.pdf,6514843,2,orders,4,HIGH COURT OF DELHI: NEW DELHI,2026,High Court Of Delhi,,,False,0,2,4291,processed,[],1,2026-08-06T07:07:58.902603+00:00
legal:c01b7c7a81bf26b5b0f97500,c01b7c7a81bf26b5b0f975001d8ebac56c03255b14c8e27025ffa70bc8fff65b,D:\Nova Legal\Indian Legal\processed_corpus\_work\extracted_input\raw\59605082026CRLMM29002021_181558.pdf,D:\Nova Legal\Indian Legal\processed_corpus\unique_pdfs\judgments\59605082026CRLMM29002021_181558_c01b7c7a81bf.pdf,1401064,31,judgments,12,IN THE HIGH COURT OF DELHI AT NEW DELHI,2021,High Court Of Delhi At New Delhi,,17.07.2026,False,0,31,55427,processed,[],10,2026-08-06T07:07:59.943698+00:00
legal:d582c03c206e051eb26b6319,d582c03c206e051eb26b6319e02ad48ea40ddd01de527405d355dfd5dfeb39a2,D:\Nova Legal\Indian Legal\processed_corpus\_work\extracted_input\raw\60804082026BA17122026_174305.pdf,D:\Nova Legal\Indian Legal\processed_corpus\unique_pdfs\judgments\60804082026BA17122026_174305_d582c03c206e.pdf,866377,5,judgments,6,* IN THE HIGH COURT OF DELHI AT NEW DELHI,2026,High Court Of Delhi At New Delhi,,04.08.2026,False,0,5,8801,processed,[],2,2026-08-06T07:08:00.168760+00:00
legal:fb5844e21e60238ce68b02ca,fb5844e21e60238ce68b02ca79588fa3ab00c74f1e2d63614ae4ce1ee06e5901,D:\Nova Legal\Indian Legal\processed_corpus\_work\extracted_input\raw\60804082026BA31102026_174347.pdf,D:\Nova Legal\Indian Legal\processed_corpus\unique_pdfs\judgments\60804082026BA31102026_174347_fb5844e21e60.pdf,812380,3,judgments,4,* IN THE HIGH COURT OF DELHI AT NEW DELHI,2026,High Court Of Delhi At New Delhi,,04.08.2026,False,0,3,3723,processed,[],1,2026-08-06T07:08:00.246056+00:00
legal:863726e6c1d556277d55eefe,863726e6c1d556277d55eefef1144ce6d954db8cc8c6d6914ec0e1247cc483e2,D:\Nova Legal\Indian Legal\processed_corpus\_work\extracted_input\raw\60805082026BA31232026_174505.pdf,D:\Nova Legal\Indian Legal\processed_corpus\unique_pdfs\judgments\60805082026BA31232026_174505_863726e6c1d5.pdf,823707,3,judgments,4,* IN THE HIGH COURT OF DELHI AT NEW DELHI,2026,High Court Of Delhi At New Delhi,,05.08.2026,False,0,3,4653,processed,[],1,2026-08-06T07:08:00.348030+00:00
legal:b78979208e1c752a82b3b931,b78979208e1c752a82b3b9316824108729452108c9d7625efd85d1a7fc3bd3f8,D:\Nova Legal\Indian Legal\processed_corpus\_work\extracted_input\raw\60805082026CRLMM10872026_174424.pdf,D:\Nova Legal\Indian Legal\processed_corpus\unique_pdfs\judgments\60805082026CRLMM10872026_174424_b78979208e1c.pdf,782250,2,judgments,19,* IN THE HIGH COURT OF DELHI AT NEW DELHI,2026,High Court Of Delhi At New Delhi,,05.08.2026,False,0,2,2796,processed,[],1,2026-08-06T07:08:00.419948+00:00
legal:ddc04ec0d07a26a9d8c3a519,ddc04ec0d07a26a9d8c3a51994ca0bf7fd35c1f45c018d1dbc329528dee7d61f,D:\Nova Legal\Indian Legal\processed_corpus\_work\extracted_input\raw\60805082026CRLMM19792026_174148.pdf,D:\Nova Legal\Indian Legal\processed_corpus\unique_pdfs\judgments\60805082026CRLMM19792026_174148_ddc04ec0d07a.pdf,896076,3,judgments,17,* IN THE HIGH COURT OF DELHI AT NEW DELHI,2026,High Court Of Delhi At New Delhi,,05.08.2026,False,0,3,4639,processed,[],1,2026-08-06T07:08:00.546776+00:00
legal:659bd4fce279306144134de5,659bd4fce279306144134de5fffd784aeaef0786c109ae12096e0c926b56db54,D:\Nova Legal\Indian Legal\processed_corpus\_work\extracted_input\raw\60805082026CRLRMAT5112025_174251.pdf,D:\Nova Legal\Indian Legal\processed_corpus\unique_pdfs\judgments\60805082026CRLRMAT5112025_174251_659bd4fce279.pdf,812236,3,judgments,11,* IN THE HIGH COURT OF DELHI AT NEW DELHI,2026,High Court Of Delhi At New Delhi,,05.08.2026,False,0,3,4000,processed,[],1,2026-08-06T07:08:00.621676+00:00
legal:bd5927f4ccf9e6e37ad259de,bd5927f4ccf9e6e37ad259de4bd1adde41dbb8c25b13f2510a5d44f7cc6be0fa,D:\Nova Legal\Indian Legal\processed_corpus\_work\extracted_input\raw\62exam.pdf,D:\Nova Legal\Indian Legal\processed_corpus\unique_pdfs\examinations\62exam_bd5927f4ccf9.pdf,1069446,1,examinations,4,HIGH COURT OF DELHI : NEW DELHI,2025,High Court Of Delhi,,08.08.2026,False,0,1,794,processed,[],1,2026-08-06T07:08:00.700726+00:00
legal:dfa925ddc4e138a3ae4e2f08,dfa925ddc4e138a3ae4e2f087b3ca00c1d2cff5d73524565bbfebd90e627ac94,D:\Nova Legal\Indian Legal\processed_corpus\_work\extracted_input\raw\66-exams-nj.pdf,D:\Nova Legal\Indian Legal\processed_corpus\unique_pdfs\examinations\66-exams-nj_dfa925ddc4e1.pdf,149126,1,examinations,4,HIGH COURT OF DELHI : NEW DELHI,2026,High Court Of Delhi,,27.07.2026,False,0,1,710,processed,[],1,2026-08-06T07:08:00.749022+00:00
legal:1942654e4f5d5724deaca358,1942654e4f5d5724deaca3580ba7226078b2e452f06532936551018f7bd2ee26,D:\Nova Legal\Indian Legal\processed_corpus\_work\extracted_input\raw\67905082026CMM18452023_190800.pdf,D:\Nova Legal\Indian Legal\processed_corpus\unique_pdfs\judgments\67905082026CMM18452023_190800_1942654e4f5d.pdf,686658,7,judgments,47,* IN THE HIGH COURT OF DELHI AT NEW DELHI,2026,High Court Of Delhi At New Delhi,,29.07.2026,False,0,7,12777,processed,[],3,2026-08-06T07:08:01.008463+00:00
legal:97ac263e04ba685f01b8e571,97ac263e04ba685f01b8e5713c1b99af772bdb01e5b0583673e251f6c2b61ad6,D:\Nova Legal\Indian Legal\processed_corpus\_work\extracted_input\raw\68-it_cell.pdf,D:\Nova Legal\Indian Legal\processed_corpus\unique_pdfs\judgments\68-it_cell_97ac263e04ba.pdf,783872,5,judgments,6,llIG ll COURT OF DELI II : NEW DELlll,2026,Supreme Court Of India,,30-07-2026,False,0,5,8843,processed,[],3,2026-08-06T07:08:01.120908+00:00
legal:ef137ae7765be2b35e9a43f0,ef137ae7765be2b35e9a43f08685e24f26ce3ae0b87d4f86e39383390a66b488,D:\Nova Legal\Indian Legal\processed_corpus\_work\extracted_input\raw\74905082026FAOC822026_132213.pdf,D:\Nova Legal\Indian Legal\processed_corpus\unique_pdfs\judgments\74905082026FAOC822026_132213_ef137ae7765b.pdf,682125,11,judgments,30,* IN THE HIGH COURT OF DELHI AT NEW DELHI,2026,High Court Of Delhi At New Delhi,,23.07.2026,False,0,11,19568,processed,[],3,2026-08-06T07:08:01.755280+00:00
legal:559a15659e5372d6b97a219f,559a15659e5372d6b97a219fabb4557dcf07cf6b6f88b17941db7a009c82eced,D:\Nova Legal\Indian Legal\processed_corpus\_work\extracted_input\raw\75504082026CRLA3482026_213422.pdf,D:\Nova Legal\Indian Legal\processed_corpus\unique_pdfs\judgments\75504082026CRLA3482026_213422_559a15659e53.pdf,448919,15,judgments,17,* IN THE HIGH COURT OF DELHI AT NEW DELHI,2026,High Court Of Delhi At New Delhi,,23.07.2026,False,0,15,24309,processed,[],5,2026-08-06T07:08:02.192773+00:00
legal:91b70f49abc3a58bd5fc45b0,91b70f49abc3a58bd5fc45b09524e2ebd16251b8d147d32bd524339375b01268,D:\Nova Legal\Indian Legal\processed_corpus\_work\extracted_input\raw\76005082026CRLA8442017_144004.pdf,D:\Nova Legal\Indian Legal\processed_corpus\unique_pdfs\judgments\76005082026CRLA8442017_144004_91b70f49abc3.pdf,705389,85,judgments,12,* IN THE HIGH COURT OF DELHI AT NEW DELHI,2026,High Court Of Delhi At New Delhi,,23.07.2026,False,0,85,88852,processed,[],13,2026-08-06T07:08:03.775913+00:00
legal:d6e286d2a3feec89a7d432a5,d6e286d2a3feec89a7d432a5a572e91af9f0135411b03e57f72b7a8ef72139af,D:\Nova Legal\Indian Legal\processed_corpus\_work\extracted_input\raw\A2013-18.pdf,D:\Nova Legal\Indian Legal\processed_corpus\unique_pdfs\circulars\A2013-18_d6e286d2a3fe.pdf,3281971,370,circulars,9,"THE COMPANIES ACT, 2013",2013,,,,False,0,370,1240413,processed,[],300,2026-08-06T07:08:17.706696+00:00
legal:1a79da74613a4207a79a1843,1a79da74613a4207a79a18434f90aa96169685ba2a86d8ddb6becc4cbaaaa239,D:\Nova Legal\Indian Legal\processed_corpus\_work\extracted_input\raw\ACT_CTCR_300820195B15D.pdf,D:\Nova Legal\Indian Legal\processed_corpus\unique_pdfs\acts\ACT_CTCR_300820195B15D_1a79da74613a.pdf,958109,3,acts,27,"Tf7T, -tzl° ""to (;t-t°-0)04/0007/2003-19 REGISTERED NO. DL—(N)04/0007/2003-19",2003,High Court Of The State In Which A Court Of,,25-07-2019,False,0,3,6118,processed,[],2,2026-08-06T07:08:17.962040+00:00
legal:1c598f5e270c43fdfea4a33e,1c598f5e270c43fdfea4a33e7f09694488248e4bf57ffe51389f1abd05393fc9,D:\Nova Legal\Indian Legal\processed_corpus\_work\extracted_input\raw\ACT_CTCR_UnlawfulActivitiest_300820195B15D.pdf,D:\Nova Legal\Indian Legal\processed_corpus\unique_pdfs\acts\ACT_CTCR_UnlawfulActivitiest_300820195B15D_1c598f5e270c.pdf,1073492,3,acts,25,Ti° 9.c-1°—(70)4/0007/2003-19 REGISTERED NO. DL—(N)04/0007/2003--19,2003,,,08-08-2019,False,0,3,6908,processed,[],2,2026-08-06T07:08:18.080383+00:00
legal:4e60fa4780345c9b4e557a62,4e60fa4780345c9b4e557a625923ec0c1c3be6292593e31842d8dc1b65cf2ba5,D:\Nova Legal\Indian Legal\processed_corpus\_work\extracted_input\raw\ActAndRule_TheSpecialProtectingGroup_171220195B15D.PDF,D:\Nova Legal\Indian Legal\processed_corpus\unique_pdfs\acts\ActAndRule_TheSpecialProtectingGroup_171220195B15D_4e60fa478034.pdf,850041,3,acts,13,"ts-717,t #0 to Q.-10-33004/99 REGD. NO. D. L.-33004/99",2019,,,09-12-2019,False,0,3,3648,processed,[],1,2026-08-06T07:08:18.186596+00:00
legal:2a30ebb07f1f13afbbd0c6f7,2a30ebb07f1f13afbbd0c6f79bc3d92833cf5f3e6ee4d80c7cec0d2271cd72f5,D:\Nova Legal\Indian Legal\processed_corpus\_work\extracted_input\raw\ActAndRuleThe2520ArmsAct_171220195B15D.pdf,D:\Nova Legal\Indian Legal\processed_corpus\unique_pdfs\acts\ActAndRuleThe2520ArmsAct_171220195B15D_2a30ebb07f1f.pdf,710903,4,acts,28,"jftLVªh lañ Mhñ ,yñ—(,u)04@0007@2003—19 REGISTERED NO. DL—(N)04/0007/2003—19",2003,,,13-12-2019,False,0,4,10782,processed,[],3,2026-08-06T07:08:18.496521+00:00
legal:f2ad126268cee3b22682dda8,f2ad126268cee3b22682dda8652b1f11755e45a1b7e6c48c0818c3d5349f0953,D:\Nova Legal\Indian Legal\processed_corpus\_work\extracted_input\raw\admit_card_dhjs_2026.pdf,D:\Nova Legal\Indian Legal\processed_corpus\unique_pdfs\examinations\admit_card_dhjs_2026_f2ad126268ce.pdf,11627,1,examinations,2,Download Admit Card For Delhi Higher Judicial Service,2026,,,,False,0,1,227,processed,['Very little text extracted'],1,2026-08-06T07:08:18.556042+00:00
legal:e9b4ad21f957070b227870a3,e9b4ad21f957070b227870a3ff2db09104f5d73607290d99be9f25bfdf59745d,D:\Nova Legal\Indian Legal\processed_corpus\_work\extracted_input\raw\adv-eng_dhjs-2026.pdf,D:\Nova Legal\Indian Legal\processed_corpus\unique_pdfs\examinations\adv-eng_dhjs-2026_e9b4ad21f957.pdf,270684,3,examinations,16,PUBLIC APPOINTMENTS,2026,High Court Of Delhi,,15.07.2026,False,0,3,7099,processed,[],2,2026-08-06T07:08:18.700658+00:00
legal:82845f2c64a05944474407e9,82845f2c64a05944474407e946ede535c29861a9f687cf1a8fb976f3338451d7,D:\Nova Legal\Indian Legal\processed_corpus\_work\extracted_input\raw\advertisement_for_senior_faculty_member.pdf,D:\Nova Legal\Indian Legal\processed_corpus\unique_pdfs\recruitment\advertisement_for_senior_faculty_member_82845f2c64a0.pdf,371529,2,recruitment,4,"BIHAR JUDICIAL ACADEMY, PATNA",2019,,,,False,0,2,1848,processed,[],1,2026-08-06T07:08:18.819362+00:00
legal:b2664feffe80f93860b0a30a,b2664feffe80f93860b0a30a13ab783731ca1dc333354a9d5e27b7cdda1548a7,D:\Nova Legal\Indian Legal\processed_corpus\_work\extracted_input\raw\AmendmenttotheEnemyPropertyAct_110120165B15D.PDF,D:\Nova Legal\Indian Legal\processed_corpus\unique_pdfs\acts\AmendmenttotheEnemyPropertyAct_110120165B15D_b2664feffe80.pdf,137345,11,acts,58,vie ie Se YeP—{H)04/0007/2003—16 REGISTERED NO. DL—(N)04/0007/2003—16,2003,,,,True,11,0,23182,processed,['OCR used on a high proportion of pages'],6,2026-08-06T07:08:37.830143+00:00
legal:f75742ccc586278c1505d4cd,f75742ccc586278c1505d4cdaa31cf0e3090acf3dff618c298685af7c12ad96a,D:\Nova Legal\Indian Legal\processed_corpus\_work\extracted_input\raw\answer_key_dhjs.pdf,D:\Nova Legal\Indian Legal\processed_corpus\unique_pdfs\examinations\answer_key_dhjs_f75742ccc586.pdf,78238,1,examinations,2,Apply online for filing objections to the Model Answer Keys in relation,2026,,,,False,0,1,286,processed,['Very little text extracted'],1,2026-08-06T07:08:37.863054+00:00
legal:c18b8478015a6794be4a7bad,c18b8478015a6794be4a7bad478834b8299d8078b1d7afdaafc9051fb20d8234,D:\Nova Legal\Indian Legal\processed_corpus\_work\extracted_input\raw\apply_link_for_dhjs_2026.pdf,D:\Nova Legal\Indian Legal\processed_corpus\unique_pdfs\examinations\apply_link_for_dhjs_2026_c18b8478015a.pdf,4469,1,examinations,1,Apply Online for Delhi Higher Judicial Service Examination-2026,2026,,,,False,0,1,181,processed,"['Low-confidence document classification', 'Very little text extracted']",1,2026-08-06T07:08:37.925860+00:00
legal:f270f02c326c74c5030751b3,f270f02c326c74c5030751b361b70a21dd052c67b9d149fc9ae2f95be818ce1d,D:\Nova Legal\Indian Legal\processed_corpus\_work\extracted_input\raw\APRegACT2014_015B15D.pdf,D:\Nova Legal\Indian Legal\processed_corpus\unique_pdfs\acts\APRegACT2014_015B15D_f270f02c326c.pdf,29192,2,acts,14,afaregt de Ste Wer—(07)04/0007/2003—14 REGISTERED NO. DL—(N)04/0007/2003—14,2003,,,8-07-2014,True,2,0,2802,processed,['OCR used on a high proportion of pages'],1,2026-08-06T07:08:40.717755+00:00
legal:98f05fefa47bb9610d1ae5d4,98f05fefa47bb9610d1ae5d4cb362ee2d720a5b8fbfca9c616a70bc7a68f3e26,D:\Nova Legal\Indian Legal\processed_corpus\_work\extracted_input\raw\APRegACT2014_05B15D.pdf,D:\Nova Legal\Indian Legal\processed_corpus\unique_pdfs\acts\APRegACT2014_05B15D_98f05fefa47b.pdf,210373,71,acts,41,"jftLVªh lañ Mhñ ,yñ—(,u)04@0007@2003—14 REGISTERED NO. DL—(N)04/0007/2003—14",2003,,,,False,0,71,182888,processed,[],46,2026-08-06T07:08:42.277808+00:00
legal:ad4ce9ddb59d8e047a8234cf,ad4ce9ddb59d8e047a8234cf77c265b1b40b024c5a3c9c036da0d441d93dde3a,D:\Nova Legal\Indian Legal\processed_corpus\_work\extracted_input\raw\AR-Rules252020105B15D.pdf,D:\Nova Legal\Indian Legal\processed_corpus\unique_pdfs\rules\AR-Rules252020105B15D_ad4ce9ddb59d.pdf,796542,201,rules,40,"[TO BE PUBLISHED IN THE GAZETTE OF INDIA, EXTRAORDINARY, PART -II,",2010,,,,False,0,201,323522,processed,[],50,2026-08-06T07:08:45.012167+00:00
legal:77df2cbba43305bd6fd1e660,77df2cbba43305bd6fd1e6600ceb458da77d178668564b7021b3e2e740e96467,D:\Nova Legal\Indian Legal\processed_corpus\_work\extracted_input\raw\armed_forces_special_powers_act19585B15D.pdf,D:\Nova Legal\Indian Legal\processed_corpus\unique_pdfs\acts\armed_forces_special_powers_act19585B15D_77df2cbba433.pdf,19229,4,acts,43,"THE ARMED FORCES (SPECIAL POWERS) ACT, 1958",1958,,,11-8-1958,False,0,4,7843,processed,[],2,2026-08-06T07:08:45.122965+00:00
legal:91d913ac6eb800cd4278a933,91d913ac6eb800cd4278a933d6320b38f9ce861d31275b1ba2fa2ff24347f558,D:\Nova Legal\Indian Legal\processed_corpus\_work\extracted_input\raw\arms2520act-19595B15D.pdf,D:\Nova Legal\Indian Legal\processed_corpus\unique_pdfs\acts\arms2520act-19595B15D_91d913ac6eb8.pdf,59993,34,acts,40,"THE ARMS ACT, 1959",1959,,,1-10-1963,False,0,34,68840,processed,[],16,2026-08-06T07:08:45.764072+00:00
legal:c49b06ec86c3d1a30c2bb09c,c49b06ec86c3d1a30c2bb09c9ece8443ff35b71a6f38824c68c048050173610a,D:\Nova Legal\Indian Legal\processed_corpus\_work\extracted_input\raw\AssamRifesAct20065B15D.pdf,D:\Nova Legal\Indian Legal\processed_corpus\unique_pdfs\acts\AssamRifesAct20065B15D_c49b06ec86c3.pdf,10327855,39,acts,95,charm ah gee T)O4 D007 206—08 KEGISTERED NO. [LNT 2006—04,2006,Court Of Ordinary Criminal Justice In Any Part Of,,,True,39,0,135919,processed,['OCR used on a high proportion of pages'],36,2026-08-06T07:09:51.864435+00:00
legal:532848e36fd11b6f001321ca,532848e36fd11b6f001321ca3f976ba6c68146c060476d88421f9f455bb521e3,D:\Nova Legal\Indian Legal\processed_corpus\_work\extracted_input\raw\AssitantCustodian28E29_1311145B15D.pdf,D:\Nova Legal\Indian Legal\processed_corpus\unique_pdfs\rules\AssitantCustodian28E29_1311145B15D_532848e36fd1.pdf,17112,5,rules,8,NOTIFICATION,2012,,,,False,0,5,6791,processed,[],2,2026-08-06T07:09:52.062571+00:00
legal:5dc4a9bfb5054bb69b56713e,5dc4a9bfb5054bb69b56713e0274bff2e88aab57cadb2be4ad1b3273d48b5c4c,D:\Nova Legal\Indian Legal\processed_corpus\_work\extracted_input\raw\AuthenticationOrder20025B15D.pdf,D:\Nova Legal\Indian Legal\processed_corpus\unique_pdfs\notifications\AuthenticationOrder20025B15D_5dc4a9bfb505.pdf,14771519,32,notifications,10,_ ~~ -33004/99,2002,,,16-1-2002,True,32,0,50647,processed,['OCR used on a high proportion of pages'],14,2026-08-06T07:10:48.882137+00:00
legal:48c55b54092a2012079bc3f7,48c55b54092a2012079bc3f72d82c8e077d04d320f8ae7c26d6b04e9de1570f9,D:\Nova Legal\Indian Legal\processed_corpus\_work\extracted_input\raw\Ayodhya_Act19935B15D.pdf,D:\Nova Legal\Indian Legal\processed_corpus\unique_pdfs\acts\Ayodhya_Act19935B15D_48c55b54092a.pdf,46093,10,acts,24,REGISTERED NO.DL-33004/93,1993,,,,False,0,10,14777,processed,[],4,2026-08-06T07:10:49.390394+00:00
legal:40d2588ddd4639fa91791c49,40d2588ddd4639fa91791c49dd081481c27bf1747d2e92893a3e46aa00285fe9,D:\Nova Legal\Indian Legal\processed_corpus\_work\extracted_input\raw\bank_account_details_dhc.pdf,D:\Nova Legal\Indian Legal\processed_corpus\unique_pdfs\judgments\bank_account_details_dhc_40d2588ddd46.pdf,107007,1,judgments,4,HEADING: “Bank Account Details of this Court for depositing Amount pursuant to the,,,,,False,0,1,654,processed,[],1,2026-08-06T07:10:49.417910+00:00
legal:97afd91af22a5659970d48b3,97afd91af22a5659970d48b382b91fa2ae675dc9e4e7ed96c50004beb3eb0f31,D:\Nova Legal\Indian Legal\processed_corpus\_work\extracted_input\raw\bcbc61df3b552a46b7155303bedf6a75830021414aa81943d4d469ea40fe56e61785957183.pdf,D:\Nova Legal\Indian Legal\processed_corpus\unique_pdfs\judgments\bcbc61df3b552a46b7155303bedf6a75830021414aa81943d4d469ea40fe56e61785957183_97afd91af22a.pdf,545705,30,judgments,99,IN THE HIGH COURT OF JHARKHAND AT RANCHI,2025,High Court Of Jharkhand At Ranchi,W.P.(C) No.2639,13.07.2026,False,0,30,68182,processed,[],10,2026-08-06T07:10:50.010627+00:00
legal:b7ccfb27d9cf5a5a64ae0bbd,b7ccfb27d9cf5a5a64ae0bbdaebef98eb26d989eec6d3acdb5ce73ab8fdc0069,D:\Nova Legal\Indian Legal\processed_corpus\_work\extracted_input\raw\BiharReorAct2000_1309135B15D.PDF,D:\Nova Legal\Indian Legal\processed_corpus\unique_pdfs\notifications\BiharReorAct2000_1309135B15D_b7ccfb27d9cf.pdf,754695,41,notifications,29,‘fared G. St-Te.-33004 / 2000 REGISTERED NO. DL-33004/2000,2000,,,,True,41,0,116102,processed,['OCR used on a high proportion of pages'],33,2026-08-06T07:11:58.560170+00:00
legal:d500f098c4bcf08a4b2d4905,d500f098c4bcf08a4b2d4905b2333c93e042a823596a99a5a89802ab9ceda2b6,D:\Nova Legal\Indian Legal\processed_corpus\_work\extracted_input\raw\BM-GSR-556E_05B15D.pdf,D:\Nova Legal\Indian Legal\processed_corpus\unique_pdfs\notifications\BM-GSR-556E_05B15D_d500f098c4bc.pdf,8502992,55,notifications,7,~ lie ~o ~e-33004f99 REGD. NO.D. [.-33004<99,1933,,,,False,0,55,57316,processed,[],12,2026-08-06T07:11:59.138252+00:00
legal:4921eedb2755ce2ec3055d75,4921eedb2755ce2ec3055d75380d03b2098515fc584d2a0e9513bbfd3c0654f1,D:\Nova Legal\Indian Legal\processed_corpus\_work\extracted_input\raw\bsfAct26Rules5B15D.pdf,D:\Nova Legal\Indian Legal\processed_corpus\unique_pdfs\acts\bsfAct26Rules5B15D_4921eedb2755.pdf,5674345,263,acts,50,RESTRICTED,2004,Court Of Ordinary,,,True,52,211,364591,processed,[],83,2026-08-06T07:12:45.497491+00:00
legal:391aa2b4881a8e6c33e24445,391aa2b4881a8e6c33e24445e230b4ba6b0db78d8d99a8399a1a60a1713eaf48,D:\Nova Legal\Indian Legal\processed_corpus\_work\extracted_input\raw\ccp19735B15D.pdf,D:\Nova Legal\Indian Legal\processed_corpus\unique_pdfs\acts\ccp19735B15D_391aa2b4881a.pdf,643659,368,acts,13,"THE CODE OF CRIMINAL PROCEDURE, 1973",1973,Supreme Court Of India,,18-12-1978,False,0,368,721208,processed,[],162,2026-08-06T07:12:52.083570+00:00
legal:d864fbadafba5cfac2aadba4,d864fbadafba5cfac2aadba40c48a5bcd3acf61328bab2a25772ae04aed855cd,D:\Nova Legal\Indian Legal\processed_corpus\_work\extracted_input\raw\CDAct1968_290520205B15D.pdf,D:\Nova Legal\Indian Legal\processed_corpus\unique_pdfs\acts\CDAct1968_290520205B15D_d864fbadafba.pdf,985208,9,acts,82,"THE CIVIL DEFENCE ACT, 1968",1968,,,21-1-2010,True,1,8,24668,processed,[],6,2026-08-06T07:12:54.074170+00:00
legal:d751fab2d09453d4b1b1ceb1,d751fab2d09453d4b1b1ceb1014ba4282acd31d2c508e14fc1a1196f50a7ef37,D:\Nova Legal\Indian Legal\processed_corpus\_work\extracted_input\raw\CDRegulation1968_290520205B15D.pdf,D:\Nova Legal\Indian Legal\processed_corpus\unique_pdfs\rules\CDRegulation1968_290520205B15D_d751fab2d094.pdf,1746507,50,rules,30,MINISTRY OF HOME AFFAIRS,1968,,,,True,12,37,93136,processed,[],24,2026-08-06T07:13:16.933090+00:00
legal:0a0fa60b8f29eda4a0256cb1,0a0fa60b8f29eda4a0256cb1e1ff4683fe28f59dee48538f1d2501d7e4479876,D:\Nova Legal\Indian Legal\processed_corpus\_work\extracted_input\raw\CDRules1968_290520205B15D.pdf,D:\Nova Legal\Indian Legal\processed_corpus\unique_pdfs\orders\CDRules1968_290520205B15D_0a0fa60b8f29.pdf,114835,13,orders,104,MINISTRY OF HOME AFFAIRS,1968,,,,False,0,12,33187,processed,[],8,2026-08-06T07:13:17.707683+00:00
legal:d4f40ccaa70e7150ae78bd94,d4f40ccaa70e7150ae78bd948c22caa37bf50543c7408aa63b24a8ccfd0de93b,D:\Nova Legal\Indian Legal\processed_corpus\_work\extracted_input\raw\census_act_19485B15D.pdf,D:\Nova Legal\Indian Legal\processed_corpus\unique_pdfs\acts\census_act_19485B15D_d4f40ccaa70e.pdf,94430,10,acts,49,"THE CENSUS ACT, 1948",1948,,,1-10-1987,False,0,9,18075,processed,[],4,2026-08-06T07:13:18.435816+00:00
legal:ce760f7a87acc147b868d13d,ce760f7a87acc147b868d13db086970c6f67957f80a0079f76393c32ad2a553c,D:\Nova Legal\Indian Legal\processed_corpus\_work\extracted_input\raw\census_rules_1990_05B15D.pdf,D:\Nova Legal\Indian Legal\processed_corpus\unique_pdfs\acts\census_rules_1990_05B15D_ce760f7a87ac.pdf,74086,9,acts,20,MINISTRY OF HOME AFFAIRS,1990,,,,False,0,9,16347,processed,[],4,2026-08-06T07:13:18.608923+00:00
legal:f69a09a71ba54e809524ad8a,f69a09a71ba54e809524ad8a7d8fa1be5e967fff7d1aa2fe6b5f13b4406a6338,D:\Nova Legal\Indian Legal\processed_corpus\_work\extracted_input\raw\Certificate-of-MHA.pdf,D:\Nova Legal\Indian Legal\processed_corpus\unique_pdfs\guides\Certificate-of-MHA_f69a09a71ba5.pdf,604919,1,guides,2,Ra co a ee ee ee eo | Sa et IB Ss Ne Ee =g,2018,,,,True,1,0,938,processed,['OCR used on a high proportion of pages'],1,2026-08-06T07:13:20.215580+00:00
legal:4271eaddec982b32428013cf,4271eaddec982b32428013cf30e3cb36904119a517e4c4ce2962d7a730ac9642,D:\Nova Legal\Indian Legal\processed_corpus\_work\extracted_input\raw\Chif_gurudwara_rules_2010145B15D.PDF,D:\Nova Legal\Indian Legal\processed_corpus\unique_pdfs\acts\Chif_gurudwara_rules_2010145B15D_4271eaddec98.pdf,59072,3,acts,10,THE do Slo Ueo-33004/99 REGD. NO. D. L.-3300499,2014,,,,True,3,0,5115,processed,['OCR used on a high proportion of pages'],2,2026-08-06T07:13:24.591557+00:00
legal:ef67173232ea457f59e6cee2,ef67173232ea457f59e6cee22fcf50cbb44a0159f078e725c4d6510d19c5d9c3,D:\Nova Legal\Indian Legal\processed_corpus\_work\extracted_input\raw\CIAct19525B15D.pdf,D:\Nova Legal\Indian Legal\processed_corpus\unique_pdfs\acts\CIAct19525B15D_ef67173232ea.pdf,25833,12,acts,32,"THE COMMISSIONS OF INQUIRY ACT, 1952",1952,Court Of Office,,1-7-1965,False,0,12,22555,processed,[],5,2026-08-06T07:13:24.821624+00:00
legal:b8cbe699ac614f91ce552ca4,b8cbe699ac614f91ce552ca42c34e5817caa3a9ae2a77b40db9e53346d82f5b1,D:\Nova Legal\Indian Legal\processed_corpus\_work\extracted_input\raw\cisfact19685B15D.pdf,D:\Nova Legal\Indian Legal\processed_corpus\unique_pdfs\acts\cisfact19685B15D_b8cbe699ac61.pdf,61398,15,acts,35,THE CENTRAL INDUSTRIAL SECURITY FORCE,1968,,,,False,0,15,30824,processed,[],8,2026-08-06T07:13:25.122357+00:00
legal:a15bba573b8c013d00526d70,a15bba573b8c013d00526d70a5c1c79f6a3e3830ef71f1d8a4ae1e3133eed77b,D:\Nova Legal\Indian Legal\processed_corpus\_work\extracted_input\raw\cisfrules20015B15D.pdf,D:\Nova Legal\Indian Legal\processed_corpus\unique_pdfs\rules\cisfrules20015B15D_a15bba573b8c.pdf,203345,63,rules,19,C H A P T E R - I,2001,,,,False,0,63,108618,processed,[],25,2026-08-06T07:13:26.105765+00:00
legal:543832184eafbe07186609b8,543832184eafbe07186609b8e132fd83af11cbb49814326bb8a0e0b47047afc0,D:\Nova Legal\Indian Legal\processed_corpus\_work\extracted_input\raw\citizenship_rules2003_05B15D.pdf,D:\Nova Legal\Indian Legal\processed_corpus\unique_pdfs\rules\citizenship_rules2003_05B15D_543832184eaf.pdf,98105,9,rules,31,MINISTRY OF HOME AFFAIRS,2003,,,,False,0,9,20031,processed,[],3,2026-08-06T07:13:26.434175+00:00
legal:105b20f591612aa83216b59c,105b20f591612aa83216b59c5b4b8ffeeac1317c40a2fc83f70f948a79cfdd63,D:\Nova Legal\Indian Legal\processed_corpus\_work\extracted_input\raw\CitizenshipAct1955_02012025_0.pdf,D:\Nova Legal\Indian Legal\processed_corpus\unique_pdfs\acts\CitizenshipAct1955_02012025_0_105b20f59161.pdf,617848,30,acts,78,"THE CITIZENSHIP ACT, 1955",1955,,,17-3-1962,False,0,30,89274,processed,[],23,2026-08-06T07:13:27.356009+00:00
legal:16062c62d2f96498d112b609,16062c62d2f96498d112b60990f56e7897d7e9743d2ea51e36295c9d450ee93b,D:\Nova Legal\Indian Legal\processed_corpus\_work\extracted_input\raw\combinbed_pro_05.08.2026.pdf,D:\Nova Legal\Indian Legal\processed_corpus\unique_pdfs\judgments\combinbed_pro_05.08.2026_16062c62d2f9.pdf,539279,7,judgments,51,05.08.2026 PRONOUNCEMENT OF JUDGMENT,2026,,,05.08.2026,False,0,7,6252,processed,[],2,2026-08-06T07:13:27.465457+00:00
legal:2e85e42b1d7507332c4c01db,2e85e42b1d7507332c4c01db7a23e631e347fc48dab8418c2851c392ad391139,D:\Nova Legal\Indian Legal\processed_corpus\_work\extracted_input\raw\combined_pro_31.07.2026.pdf,D:\Nova Legal\Indian Legal\processed_corpus\unique_pdfs\judgments\combined_pro_31.07.2026_2e85e42b1d75.pdf,665822,7,judgments,38,31.07.2026 PRONOUNCEMENT OF JUDGMENT,2026,,W.P.(C) No. 8118/2026,31.07.2026,False,0,7,5833,processed,[],2,2026-08-06T07:13:27.574447+00:00
legal:3265c4467b8c3512359ba65b,3265c4467b8c3512359ba65b18db85c56310ed3ef2230faa87ab92a17700af35,D:\Nova Legal\Indian Legal\processed_corpus\_work\extracted_input\raw\Compoundingnotification06062018_15B15D.pdf,D:\Nova Legal\Indian Legal\processed_corpus\unique_pdfs\acts\Compoundingnotification06062018_15B15D_3265c4467b8c.pdf,1805143,4,acts,19,"jftLVªh laö Mhö ,yö&33004@99 REGD. NO. D. L.-33004/99",2073,,,,False,0,4,9404,processed,[],3,2026-08-06T07:13:27.787969+00:00
legal:fe0b9aef99529ba11a68a5fc,fe0b9aef99529ba11a68a5fc372b3657c98716df04c7abaf50e0d62d0906fa9f,D:\Nova Legal\Indian Legal\processed_corpus\_work\extracted_input\raw\CriminalLawAmendmendAct2C20055B15D.pdf,D:\Nova Legal\Indian Legal\processed_corpus\unique_pdfs\judgments\CriminalLawAmendmendAct2C20055B15D_fe0b9aef9952.pdf,108217,8,judgments,5,"THE CRIMINAL LAW (AMENDMENT) ACT, 2005",2005,,,,False,0,8,14568,processed,[],4,2026-08-06T07:13:27.953389+00:00
legal:b5aa4c44d8a82d1e86531965,b5aa4c44d8a82d1e86531965a254ad9b86bd30bf3cd3dc93fb83636de7c20066,D:\Nova Legal\Indian Legal\processed_corpus\_work\extracted_input\raw\CriminalLawAmendmentAct19615B15D.pdf,D:\Nova Legal\Indian Legal\processed_corpus\unique_pdfs\acts\CriminalLawAmendmentAct19615B15D_b5aa4c44d8a8.pdf,14248,4,acts,15,"THE CRIMINAL LAW AMENDMENT ACT, 1961",1961,,,1.10.1963,False,0,4,7193,processed,[],2,2026-08-06T07:13:28.043667+00:00
legal:28ec90891a2b8c9dd1232abf,28ec90891a2b8c9dd1232abf7d272147c014c0f0788c4406bdb9692630357d5e,D:\Nova Legal\Indian Legal\processed_corpus\_work\extracted_input\raw\crpf_act19495B15D.pdf,D:\Nova Legal\Indian Legal\processed_corpus\unique_pdfs\acts\crpf_act19495B15D_28ec90891a2b.pdf,28629,12,acts,33,MINISTRY OF : HOME AFFAIRS,1949,,,31.12.1996,False,0,12,21968,processed,[],5,2026-08-06T07:13:28.247490+00:00
legal:7587db466e4eb89244d83ba4,7587db466e4eb89244d83ba41b03fee618e1803292694230b27b4b5c9d2f4c32,D:\Nova Legal\Indian Legal\processed_corpus\_work\extracted_input\raw\crpf_rules19555B15D.pdf,D:\Nova Legal\Indian Legal\processed_corpus\unique_pdfs\rules\crpf_rules19555B15D_7587db466e4e.pdf,182854,79,rules,25,MINISTRY OF : HOME AFFAIRS,1955,,,7.4.1959,False,0,79,156889,processed,[],36,2026-08-06T07:13:29.558772+00:00
legal:7c0e938d37545aef7bc98956,7c0e938d37545aef7bc9895683abc91d7345a52b3c54105ea636b6afed861fe9,D:\Nova Legal\Indian Legal\processed_corpus\_work\extracted_input\raw\CSCorr_1610145B15D.pdf,D:\Nova Legal\Indian Legal\processed_corpus\unique_pdfs\notifications\CSCorr_1610145B15D_7c0e938d3754.pdf,809618,3,notifications,9,TT We Sle Wee —(wA)04/0007/2003—14 REGISTERED NO. DL—(N)04/0007/2003—14,2003,,,26-08-2014,True,3,0,5501,processed,['OCR used on a high proportion of pages'],2,2026-08-06T07:13:34.700023+00:00
legal:86ae202053a6ca67994ffe40,86ae202053a6ca67994ffe407a187c35f8b327777feae623f8f74f457b13682b,D:\Nova Legal\Indian Legal\processed_corpus\_work\extracted_input\raw\CSdivTheCriminalLawAct_14082018_25B15D.pdf,D:\Nova Legal\Indian Legal\processed_corpus\unique_pdfs\acts\CSdivTheCriminalLawAct_14082018_25B15D_86ae202053a6.pdf,1645391,7,acts,29,"jftLVªh lañ Mhñ ,yñ—(,u)04@0007@2003—18 REGISTERED NO. DL—(N)04/0007/2003—18",2003,Court Of Session Shall,,,False,0,7,16930,processed,[],4,2026-08-06T07:13:35.080240+00:00
legal:ad2e355f3bdd77fa2ee68e83,ad2e355f3bdd77fa2ee68e8377f0aea3f852f27156bd14a029c1d3f3e1bc50a0,D:\Nova Legal\Indian Legal\processed_corpus\_work\extracted_input\raw\CTCRdiv_UnlawfulActivitiesAct1967_09012020_05B15D.PDF,D:\Nova Legal\Indian Legal\processed_corpus\unique_pdfs\orders\CTCRdiv_UnlawfulActivitiesAct1967_09012020_05B15D_ad2e355f3bdd.pdf,1089511,14,orders,28,"1:i16• Ho, 14014/01120191C """,2019,,,11.12.2008,False,0,14,32619,processed,[],9,2026-08-06T07:13:35.373063+00:00
legal:a009b978862d7dfa509f4f12,a009b978862d7dfa509f4f12fd3401cb70d24d2969e5ab1106889b53eef6de0e,D:\Nova Legal\Indian Legal\processed_corpus\_work\extracted_input\raw\DANICS_DANIPS_RULES_20035B15D.pdf,D:\Nova Legal\Indian Legal\processed_corpus\unique_pdfs\rules\DANICS_DANIPS_RULES_20035B15D_a009b978862d.pdf,188152,44,rules,41,"[To be published in the Gazette of India, (Extraordinary), Part-II, Section-3,",2003,,,,False,0,44,57597,processed,[],13,2026-08-06T07:13:35.980865+00:00
legal:cd9dccd191c67d0d9a7c51f7,cd9dccd191c67d0d9a7c51f7106fa85ebedfd4346c98e941771e5ebb5c6d77bf,D:\Nova Legal\Indian Legal\processed_corpus\_work\extracted_input\raw\DeclarationoftheNationalLiberation_301120185B15D_0.pdf,D:\Nova Legal\Indian Legal\processed_corpus\unique_pdfs\acts\DeclarationoftheNationalLiberation_301120185B15D_0_cd9dccd191c6.pdf,31738,3,acts,13,MOST IMMEDIATE/TRIBUNAL MATTER,2018,High Court Of Delhi,,29.11.2018,True,3,0,6906,processed,['OCR used on a high proportion of pages'],2,2026-08-06T07:13:40.575127+00:00
legal:d863ce6413195993b74114fa,d863ce6413195993b74114fa75d3dca80c32635880299907092fc6aecd9feb68,D:\Nova Legal\Indian Legal\processed_corpus\_work\extracted_input\raw\DelhiMunicipalCorporationAct-1957_290420175B15D.pdf,D:\Nova Legal\Indian Legal\processed_corpus\unique_pdfs\rules\DelhiMunicipalCorporationAct-1957_290420175B15D_d863ce641319.pdf,1842232,186,rules,9,"THE DELHI MUNICIPAL CORPORATION ACT, 1957",1957,,,,False,0,186,567051,processed,[],135,2026-08-06T07:13:45.693813+00:00
legal:2ca08c0dc79630b6baa16852,2ca08c0dc79630b6baa168527fa1384dbfe87cea078dde1554af1ffe03ae4e29,D:\Nova Legal\Indian Legal\processed_corpus\_work\extracted_input\raw\DM_Athority_rules20065B15D.pdf,D:\Nova Legal\Indian Legal\processed_corpus\unique_pdfs\acts\DM_Athority_rules20065B15D_2ca08c0dc796.pdf,112455,3,acts,6,% ______TREGAZETTEOFINDIA: EXTRAORDINARY ___(Parr T—S50:3009,2006,,,30/8/2006,True,3,0,3422,processed,['OCR used on a high proportion of pages'],1,2026-08-06T07:13:49.047732+00:00
legal:21d1251371d12fafb0eabad2,21d1251371d12fafb0eabad297021edd8b68f1c7d5d980ea3bc6d9b4593db105,D:\Nova Legal\Indian Legal\processed_corpus\_work\extracted_input\raw\DM_NEC_Rules20065B15D.pdf,D:\Nova Legal\Indian Legal\processed_corpus\unique_pdfs\rules\DM_NEC_Rules20065B15D_21d1251371d1.pdf,381303,4,rules,16,vised Ge Sho wee-33004/99 Pete _REGD.NO.D.L.-33004/99,2006,,,30/9/2005,True,4,0,15380,processed,['OCR used on a high proportion of pages'],5,2026-08-06T07:13:59.244942+00:00
legal:365850b98291c89a684f0cab,365850b98291c89a684f0cab3f73841da0a5cee9eaa9c55748c9efa59b8d6320,D:\Nova Legal\Indian Legal\processed_corpus\_work\extracted_input\raw\DM_NIDM_rules20065B15D.pdf,D:\Nova Legal\Indian Legal\processed_corpus\unique_pdfs\rules\DM_NIDM_rules20065B15D_365850b98291.pdf,470072,9,rules,11,ahaRZT He Sle TeHe-33004/99 g 2 a _REGD.NO.D.L.-33004/99,2006,,,30/8/2006,True,9,0,16190,processed,['OCR used on a high proportion of pages'],4,2026-08-06T07:14:12.631752+00:00
legal:e3c8153b814baa27d64c56d1,e3c8153b814baa27d64c56d1134c4b112e7e19a37c12ccfa8d19c3c0a3e191f0,D:\Nova Legal\Indian Legal\processed_corpus\_work\extracted_input\raw\DM_Regulation20065B15D.pdf,D:\Nova Legal\Indian Legal\processed_corpus\unique_pdfs\rules\DM_Regulation20065B15D_e3c8153b814b.pdf,696145,16,rules,10,". ae feet, 30 sTRTAR, 2006",2006,,,,True,16,0,23539,processed,['OCR used on a high proportion of pages'],6,2026-08-06T07:14:33.135699+00:00
legal:2756cda145695bb6c565d849,2756cda145695bb6c565d849db4e37740411f7a7aa4c624d4827e7c6631844a4,D:\Nova Legal\Indian Legal\processed_corpus\_work\extracted_input\raw\download_admit_card_for_chfr25.pdf,D:\Nova Legal\Indian Legal\processed_corpus\unique_pdfs\recruitment\download_admit_card_for_chfr25_2756cda14569.pdf,50754,1,recruitment,2,Download Admit Card for,2025,,,,False,0,1,252,processed,['Very little text extracted'],1,2026-08-06T07:14:33.163587+00:00
legal:f5feddc818d5405c502ab37f,f5feddc818d5405c502ab37fe515642a93995af24e030a0e6c6d919314beee3f,D:\Nova Legal\Indian Legal\processed_corpus\_work\extracted_input\raw\E-gazette5B15D.pdf,D:\Nova Legal\Indian Legal\processed_corpus\unique_pdfs\acts\E-gazette5B15D_f5feddc818d5.pdf,106909,4,acts,24,"jftLVªh lañ Mhñ ,yñ—(,u)04@0007@2003—15 REGISTERED NO. DL—(N)04/0007/2003—15",2003,Court Of Law Or Otherwise,,12-03-2014,False,0,4,10984,processed,[],3,2026-08-06T07:14:33.317996+00:00
legal:336b3a6adce404c39ac5ba04,336b3a6adce404c39ac5ba0450064447f5fc8684e0013df11719973df4da739a,D:\Nova Legal\Indian Legal\processed_corpus\_work\extracted_input\raw\Emblem-Rules20075B15D.pdf,D:\Nova Legal\Indian Legal\processed_corpus\unique_pdfs\rules\Emblem-Rules20075B15D_336b3a6adce4.pdf,4210284,8,rules,12,visrg H Se TeP-33004/99 ABs _REGD.NO.D.L.-33004/99,2007,,,13/9/2006,True,8,0,21393,processed,['OCR used on a high proportion of pages'],6,2026-08-06T07:14:50.329787+00:00
legal:ef32ab6c833e670172b89149,ef32ab6c833e670172b891496c93008f27df93bc2d8c6686de23882d8df49316,D:\Nova Legal\Indian Legal\processed_corpus\_work\extracted_input\raw\EnemyProperty_ThirdOrdiance_31-05-20165B15D.pdf,D:\Nova Legal\Indian Legal\processed_corpus\unique_pdfs\acts\EnemyProperty_ThirdOrdiance_31-05-20165B15D_ef32ab6c833e.pdf,715601,14,acts,39,‘Pare we Se Ter—(T7)04/0007/2003—16 REGISTERED NO. DL—(N)04/0007/2003—16,2003,,,,True,14,0,26461,processed,['OCR used on a high proportion of pages'],7,2026-08-06T07:15:10.293969+00:00
legal:a7b49c5c51f355581b1c71f8,a7b49c5c51f355581b1c71f89b7e6f989131073335d673436293def57637005f,D:\Nova Legal\Indian Legal\processed_corpus\_work\extracted_input\raw\EnemyPropertyFourthOrdinanceDated280820165B15D.pdf,D:\Nova Legal\Indian Legal\processed_corpus\unique_pdfs\acts\EnemyPropertyFourthOrdinanceDated280820165B15D_a7b49c5c51f3.pdf,1409069,14,acts,40,xfrRA ee Se Wer —(T)04/0007/2003—16 ___ REGISTERED NO. DL—(N)04/0007/2003—16,2003,,,,True,14,0,26429,processed,['OCR used on a high proportion of pages'],6,2026-08-06T07:15:28.794484+00:00
legal:ef869e3ade8792822fbc57fc,ef869e3ade8792822fbc57fcbe4f72b0d4811ec234743988f900b7e9fe5af773,D:\Nova Legal\Indian Legal\processed_corpus\_work\extracted_input\raw\ExplosiveSubstancesAct19085B15D.pdf,D:\Nova Legal\Indian Legal\processed_corpus\unique_pdfs\acts\ExplosiveSubstancesAct19085B15D_ef869e3ade87.pdf,13192,2,acts,20,"Act Name : THE EXPLOSIVE SUBSTANCES ACT, 1908",1908,,,1-10-1963,False,0,2,4750,processed,[],1,2026-08-06T07:15:28.871907+00:00
legal:c8e4259488d2af048def61a7,c8e4259488d2af048def61a7074d4a7b32ab4e5146b14ba444f64a97ba6ff605,D:\Nova Legal\Indian Legal\processed_corpus\_work\extracted_input\raw\FC-RegulationAct-2010-C5B15D.pdf,D:\Nova Legal\Indian Legal\processed_corpus\unique_pdfs\acts\FC-RegulationAct-2010-C5B15D_c8e4259488d2.pdf,8125718,23,acts,77,ufaegt ae Ste Uee—(TA)04/0007/2003—10 REGISTERED NO. DL—(N)04/0007/2003—10,2010,,,,True,23,0,75259,processed,['OCR used on a high proportion of pages'],20,2026-08-06T07:16:21.989525+00:00
legal:40ad5948a2b23249ebabd3d6,40ad5948a2b23249ebabd3d6c855001f3a602857ac0bcaae27d47c341105dddd,D:\Nova Legal\Indian Legal\processed_corpus\_work\extracted_input\raw\FC-rules20115B15D.pdf,D:\Nova Legal\Indian Legal\processed_corpus\unique_pdfs\notifications\FC-rules20115B15D_40ad5948a2b2.pdf,2848207,44,notifications,8,".. INFORCE WITH EFFECT FROM 1°' MAY, 2011 —",2011,,,,True,44,0,115701,processed,['OCR used on a high proportion of pages'],35,2026-08-06T07:17:47.085879+00:00
legal:77d9632fbe7db7cd11f3b0e9,77d9632fbe7db7cd11f3b0e91e49951bc429679784c3a0d6e3e8ecf91f6ac6ba,D:\Nova Legal\Indian Legal\processed_corpus\_work\extracted_input\raw\FCRAAMENDMENT2020_MHANotification_091020205B15D.pdf,D:\Nova Legal\Indian Legal\processed_corpus\unique_pdfs\acts\FCRAAMENDMENT2020_MHANotification_091020205B15D_77d9632fbe7d.pdf,876688,1,acts,4,रजिस्ट्री सं. डी.एल.- 33004/99 REGD. NO. D. L.-33004/99,2020,,,,False,0,1,1469,processed,[],1,2026-08-06T07:17:47.513647+00:00
legal:9b505881aafe5354e38f82ec,9b505881aafe5354e38f82ecfec716c2d7d2bfd1569f4643d67565c7f06ba3aa,D:\Nova Legal\Indian Legal\processed_corpus\_work\extracted_input\raw\fr_rules_19925B15D.pdf,D:\Nova Legal\Indian Legal\processed_corpus\unique_pdfs\rules\fr_rules_19925B15D_9b505881aafe.pdf,3423078,16,rules,69,THE REGISTRATION OF FOREIGNERS,1992,,,29-1-1999,True,16,0,37454,processed,['OCR used on a high proportion of pages'],9,2026-08-06T07:18:21.560162+00:00
legal:28c494e362a367e2a4f536cf,28c494e362a367e2a4f536cf132c84c292521a3c32434ecc1ded437a16c116ce,D:\Nova Legal\Indian Legal\processed_corpus\_work\extracted_input\raw\gazette-dm5B15D.pdf,D:\Nova Legal\Indian Legal\processed_corpus\unique_pdfs\acts\gazette-dm5B15D_28c494e362a3.pdf,1023539,3,acts,13,he Gazette ot India,1929,,,31-10/2006,True,3,0,6740,processed,['OCR used on a high proportion of pages'],2,2026-08-06T07:18:28.059182+00:00
legal:ba44f64f9603b8e7f2ee595c,ba44f64f9603b8e7f2ee595c1205ebad1cf0d81cdbbb4c089c7f9b9ea58708a0,D:\Nova Legal\Indian Legal\processed_corpus\_work\extracted_input\raw\GazetteNotificationforRRURules_05012021_05B15D.pdf,D:\Nova Legal\Indian Legal\processed_corpus\unique_pdfs\notifications\GazetteNotificationforRRURules_05012021_05B15D_ba44f64f9603.pdf,1793783,8,notifications,20,रजजस्ट्री सं. डी.एल.- 33004/99 REGD. No. D. L.-33004/99,2020,,,,False,0,8,20928,processed,[],5,2026-08-06T07:18:28.387286+00:00
legal:f2d4ac5c3d74285cef277bbe,f2d4ac5c3d74285cef277bbe104f1e496051d0a109ffa6e2b8e11f562651f7bc,D:\Nova Legal\Indian Legal\processed_corpus\_work\extracted_input\raw\GazetteofIndia_09015B15D.pdf,D:\Nova Legal\Indian Legal\processed_corpus\unique_pdfs\notifications\GazetteofIndia_09015B15D_f2d4ac5c3d74.pdf,1235344,6,notifications,20,"1 ,-09)04/0007/2003-15 REGISTERED NO. DL—(N)04/0007/2003-15",2003,Court Of Law Or,,,False,0,6,10001,processed,[],3,2026-08-06T07:18:28.544728+00:00
legal:d0f4e1b559cc484d3194d7ff,d0f4e1b559cc484d3194d7ff960c776181a7317510d55720b6f5ffef508c2bab,D:\Nova Legal\Indian Legal\processed_corpus\_work\extracted_input\raw\GovAmendActPublis_51828E29_20145B15D.pdf,D:\Nova Legal\Indian Legal\processed_corpus\unique_pdfs\rules\GovAmendActPublis_51828E29_20145B15D_d0f4e1b559cc.pdf,151317,3,rules,17,2 . . THE GAZETTE OF INDIA : EXTRAORDINARY __ [PART II—SEc. 3(i}},2014,,,20/1/2014,True,3,0,6244,processed,['OCR used on a high proportion of pages'],2,2026-08-06T07:18:33.320375+00:00
legal:474d48745c3a3941a771b3b0,474d48745c3a3941a771b3b082c5b4da18ed7626a13f723d8f02987a2ac8d31b,D:\Nova Legal\Indian Legal\processed_corpus\_work\extracted_input\raw\GovEAPAmendmentAct2014_05B15D.pdf,D:\Nova Legal\Indian Legal\processed_corpus\unique_pdfs\acts\GovEAPAmendmentAct2014_05B15D_474d48745c3a.pdf,77551,2,acts,16,thareet Fe Ste TerP—(T71)04/0007/2003-—14 REGISTERED NO. DL—(N)04/0007/2003—14,2003,,,,True,2,0,2934,processed,['OCR used on a high proportion of pages'],1,2026-08-06T07:18:35.451875+00:00
legal:7072d81a3a030ab594c28a21,7072d81a3a030ab594c28a212e740ee180d75f7557b488ada95873d5cab5fc7b,D:\Nova Legal\Indian Legal\processed_corpus\_work\extracted_input\raw\GovernmentNationalCapitalTerritoryAct5B15D.pdf,D:\Nova Legal\Indian Legal\processed_corpus\unique_pdfs\acts\GovernmentNationalCapitalTerritoryAct5B15D_7072d81a3a03.pdf,87495,23,acts,27,THE GOVERNMENT OF NATIONAL CAPITAL TERRITORY,1991,,,29.11.1993,False,0,23,54127,processed,[],13,2026-08-06T07:18:36.009890+00:00
legal:d4796438dec1588bb98006d7,d4796438dec1588bb98006d7dce7f469171f47784cbd374346ab699f276b1afa,D:\Nova Legal\Indian Legal\processed_corpus\_work\extracted_input\raw\GovernmentUnionterritoriesAct19635B15D.pdf,D:\Nova Legal\Indian Legal\processed_corpus\unique_pdfs\acts\GovernmentUnionterritoriesAct19635B15D_d4796438dec1.pdf,161981,42,acts,40,"THE GOVERNMENT OF UNION TERRITORIES ACT, 1963",1963,,,20-12-1963,False,0,42,89622,processed,[],21,2026-08-06T07:18:36.785723+00:00
legal:353d090d0557afe1528a83b6,353d090d0557afe1528a83b6a3f7486d37a306efc01881f03a13d309bbf94b5d,D:\Nova Legal\Indian Legal\processed_corpus\_work\extracted_input\raw\GOVERNORSEmoluments_Act19825B15D.pdf,D:\Nova Legal\Indian Legal\processed_corpus\unique_pdfs\acts\GOVERNORSEmoluments_Act19825B15D_353d090d0557.pdf,80842,5,acts,22,"THE GOVERNORS (EMOLUMENTS, ALLOWANCES AND PRIVILEGES) ACT, 1982",1982,,,,True,5,0,11009,processed,['OCR used on a high proportion of pages'],3,2026-08-06T07:18:43.736842+00:00
legal:1caf5587db190a26111033fd,1caf5587db190a26111033fd73d0c0f63a476371f42e1900e72a482a1518d506,D:\Nova Legal\Indian Legal\processed_corpus\_work\extracted_input\raw\GovrnorsActs26Rules_09082018_05B15D.pdf,D:\Nova Legal\Indian Legal\processed_corpus\unique_pdfs\rules\GovrnorsActs26Rules_09082018_05B15D_1caf5587db19.pdf,117864,18,rules,39,"THE GOVERNORS (EMOLUMENTS, ALLOWANCES AND PRIVILEGES) ACT, 1982",1982,,,,False,0,18,37430,processed,[],9,2026-08-06T07:18:44.101411+00:00
legal:b9be199b56a08f47a6573252,b9be199b56a08f47a6573252ef568f307798dbb610de84459b16a65bb513ac47,D:\Nova Legal\Indian Legal\processed_corpus\_work\extracted_input\raw\important_instructions_dhjs-2026.pdf,D:\Nova Legal\Indian Legal\processed_corpus\unique_pdfs\acts\important_instructions_dhjs-2026_b9be199b56a0.pdf,706076,13,acts,143,DELHI HIGHER JUDICIAL SERVICE EXAMINATION – 2026,2026,High Court Of Delhi Regarding Eligibility Of A Candidate,,04.01.2021,False,0,13,25138,processed,[],7,2026-08-06T07:18:44.387864+00:00
legal:4f373b92bd0fc78877ba5063,4f373b92bd0fc78877ba5063adbdffb1de3b35184869fff89e64771effd01e80,D:\Nova Legal\Indian Legal\processed_corpus\_work\extracted_input\raw\Investigation2520of2520High2520Quality2520Counterfeit2520Indian2520Currency2520Offences2520Rules2C252020135B15D.PDF,D:\Nova Legal\Indian Legal\processed_corpus\unique_pdfs\rules\Investigation2520of2520High2520Quality2520Counterfeit2520Indian2520Currency2520Offences2520Rules2C252020135B15D_4f373b92bd0f.pdf,159294,7,rules,30,Use Wo Sto Weto-33004/99 REGD. NO. D. L.-33004/99,2013,,,,True,7,0,18435,processed,['OCR used on a high proportion of pages'],5,2026-08-06T07:18:57.809136+00:00
legal:f25d61547212f152dda8c96b,f25d61547212f152dda8c96b19ac05a286f3a9eb6a95490ab55ec40aa4f53197,D:\Nova Legal\Indian Legal\processed_corpus\_work\extracted_input\raw\IPC18605B15D.pdf,D:\Nova Legal\Indian Legal\processed_corpus\unique_pdfs\judgments\IPC18605B15D_f25d61547212.pdf,366748,205,judgments,4,"THE INDIAN PENAL CODE, 1860",1960,,,1-7-1965,False,0,205,430721,processed,[],98,2026-08-06T07:19:01.280173+00:00
legal:7563235209c4aa3867fd08ca,7563235209c4aa3867fd08caea65b8f138d6f162bfc622ccddc6f90876c85c6b,D:\Nova Legal\Indian Legal\processed_corpus\_work\extracted_input\raw\IS_IIActs_280820185B15D.pdf,D:\Nova Legal\Indian Legal\processed_corpus\unique_pdfs\acts\IS_IIActs_280820185B15D_7563235209c4.pdf,125736,8,acts,43,~ FNoUL(1)/2014-LI 0°,2014,,,1/5/2014,True,8,0,16065,processed,['OCR used on a high proportion of pages'],4,2026-08-06T07:19:11.837955+00:00
legal:4bb4b9811c1211d33736ad21,4bb4b9811c1211d33736ad21fe6b60ee06548e5f861337a0b967d918684a1125,D:\Nova Legal\Indian Legal\processed_corpus\_work\extracted_input\raw\ITBP-Act19925B15D.pdf,D:\Nova Legal\Indian Legal\processed_corpus\unique_pdfs\acts\ITBP-Act19925B15D_4bb4b9811c12.pdf,189504,48,acts,82,"THE INDO-TIBETAN BORDER POLICE FORCE ACT, 1992",1992,Court Of Ordinary Criminal Justice In Any Part Of India,,30-5-1994,False,0,48,124931,processed,[],29,2026-08-06T07:19:13.101480+00:00
legal:8314ff254af83c803ef23a56,8314ff254af83c803ef23a5625bc45ee71a7e922405475b93abff17145231999,D:\Nova Legal\Indian Legal\processed_corpus\_work\extracted_input\raw\ITBP-Rule-19945B15D.pdf,D:\Nova Legal\Indian Legal\processed_corpus\unique_pdfs\rules\ITBP-Rule-19945B15D_8314ff254af8.pdf,385693,104,rules,40,MINISTRY OF HOME AFFAIRS,1994,,,,False,0,103,219324,processed,[],51,2026-08-06T07:19:15.357281+00:00
legal:11ff0665cb49a381e2bede21,11ff0665cb49a381e2bede215078f423dae17920cc97053b007a0601f4ef9f9d,D:\Nova Legal\Indian Legal\processed_corpus\_work\extracted_input\raw\j_03082026.pdf,D:\Nova Legal\Indian Legal\processed_corpus\unique_pdfs\judgments\j_03082026_11ff0665cb49.pdf,678731,9,judgments,42,03.08.2026 PRONOUNCEMENT OF JUDGMENT,2026,,,03.08.2026,False,0,9,7445,processed,[],2,2026-08-06T07:19:15.621763+00:00
legal:315f45517b2227e65e8635ea,315f45517b2227e65e8635eacc489276a9c7299395b7f0f3d51210b2c224e953,D:\Nova Legal\Indian Legal\processed_corpus\_work\extracted_input\raw\jud-03082026_odtt.pdf,D:\Nova Legal\Indian Legal\processed_corpus\unique_pdfs\judgments\jud-03082026_odtt_315f45517b22.pdf,11834,1,judgments,5,03.08.2026 PRONOUNCEMENT OF JUDGMENT,2026,,,03.08.2026,False,0,1,369,processed,[],1,2026-08-06T07:19:15.653228+00:00
legal:4ea4ec0e43f7dd5f603afa60,4ea4ec0e43f7dd5f603afa6089ce84eafe61d031251132ca5c73a0ce48a827a8,D:\Nova Legal\Indian Legal\processed_corpus\_work\extracted_input\raw\jud-03082026_odtt_0.pdf,D:\Nova Legal\Indian Legal\processed_corpus\unique_pdfs\judgments\jud-03082026_odtt_0_4ea4ec0e43f7.pdf,76853,2,judgments,15,03.08.2026 PRONOUNCEMENT OF JUDGMENT,2026,,,03.08.2026,False,0,2,1426,processed,[],1,2026-08-06T07:19:15.684860+00:00
legal:034dd60ba257d79005937b48,034dd60ba257d79005937b484dc28534dcbded922905da1cd71dad1bf7c9d5e8,D:\Nova Legal\Indian Legal\processed_corpus\_work\extracted_input\raw\jud-03082026_odtt_1.pdf,D:\Nova Legal\Indian Legal\processed_corpus\unique_pdfs\judgments\jud-03082026_odtt_1_034dd60ba257.pdf,55711,3,judgments,5,03.08.2026 PRONOUNCEMENT OF JUDGMENT,2026,,,03.08.2026,False,0,3,2048,processed,[],1,2026-08-06T07:19:15.726444+00:00
legal:f0ead8a4e72b5712753b0773,f0ead8a4e72b5712753b0773a18aef20e16e1ec9d457364b72fcd0f44e53f319,D:\Nova Legal\Indian Legal\processed_corpus\_work\extracted_input\raw\jud-04082026.odtttt.pdf,D:\Nova Legal\Indian Legal\processed_corpus\unique_pdfs\judgments\jud-04082026.odtttt_f0ead8a4e72b.pdf,53910,2,judgments,11,04.08.2026 PRONOUNCEMENT OF JUDGMENT,2026,,,04.08.2026,False,0,2,1388,processed,[],1,2026-08-06T07:19:15.761104+00:00
legal:72cb6d273117a6738152271a,72cb6d273117a6738152271a916393edd10335ea6a7fbbda9c9bcb8f4c3cf65a,D:\Nova Legal\Indian Legal\processed_corpus\_work\extracted_input\raw\jud-05082026.odttttt.pdf,D:\Nova Legal\Indian Legal\processed_corpus\unique_pdfs\judgments\jud-05082026.odttttt_72cb6d273117.pdf,77251,1,judgments,5,05.08.2026 PRONOUNCEMENT OF JUDGMENT,2026,,,05.08.2026,False,0,1,468,processed,[],1,2026-08-06T07:19:15.792113+00:00
legal:da52db2194288314d717b863,da52db2194288314d717b863dcca1c5e9c05187cad41578eb3d62e40f50c36ee,D:\Nova Legal\Indian Legal\processed_corpus\_work\extracted_input\raw\jud-05082026.odttttt_0.pdf,D:\Nova Legal\Indian Legal\processed_corpus\unique_pdfs\judgments\jud-05082026.odttttt_0_da52db219428.pdf,71778,1,judgments,4,05.08.2026 PRONOUNCEMENT OF JUDGMENT,2026,,,05.08.2026,False,0,1,471,processed,[],1,2026-08-06T07:19:15.831294+00:00
legal:c067ebaffead24d76ec50365,c067ebaffead24d76ec503651d465b3a73b81726768faeec0081bb30a96f2eca,D:\Nova Legal\Indian Legal\processed_corpus\_work\extracted_input\raw\jud-05082026.odttttt_1.pdf,D:\Nova Legal\Indian Legal\processed_corpus\unique_pdfs\judgments\jud-05082026.odttttt_1_c067ebaffead.pdf,11210,1,judgments,3,05.08.2026 PRONOUNCEMENT OF JUDGMENT,2026,,,05.08.2026,False,0,1,239,processed,['Very little text extracted'],1,2026-08-06T07:19:15.857946+00:00
legal:eb0739b9030c8262f798c425,eb0739b9030c8262f798c425de00b40c61ecfbeb9c59b602130cff86228d8332,D:\Nova Legal\Indian Legal\processed_corpus\_work\extracted_input\raw\jud-31072026.odtt.pdf,D:\Nova Legal\Indian Legal\processed_corpus\unique_pdfs\judgments\jud-31072026.odtt_eb0739b9030c.pdf,55700,2,judgments,10,31.07.2026 PRONOUNCEMENT OF JUDGMENT,2026,,,31.07.2026,False,0,2,1237,processed,[],1,2026-08-06T07:19:15.880554+00:00
legal:6681cbfc853bc27f55d9ecc9,6681cbfc853bc27f55d9ecc9a17e59fb45ed7969507e932be5be1f22454536ee,D:\Nova Legal\Indian Legal\processed_corpus\_work\extracted_input\raw\jud_01_for_31.07.2026_1.pdf,D:\Nova Legal\Indian Legal\processed_corpus\unique_pdfs\judgments\jud_01_for_31.07.2026_1_6681cbfc853b.pdf,749074,1,judgments,3,31.07.2026 FOR PRONOUNCEMENT OF JUDGMENT (ORIGINAL JURISDICTION),2026,,,31.07.2026,False,0,1,537,processed,[],1,2026-08-06T07:19:15.974611+00:00
legal:3bb4838e4487b8bb1cac6efa,3bb4838e4487b8bb1cac6efa12ab39ee705fffecf926349f5731c24f409a5d81,D:\Nova Legal\Indian Legal\processed_corpus\_work\extracted_input\raw\jud_1_for_03.08.2026.pdf,D:\Nova Legal\Indian Legal\processed_corpus\unique_pdfs\judgments\jud_1_for_03.08.2026_3bb4838e4487.pdf,447485,1,judgments,3,03.08.2026 FOR PRONOUNCEMENT OF JUDGMENT (ORIGINAL JURISDICTION),2026,,,03.08.2026,False,0,1,860,processed,[],1,2026-08-06T07:19:16.028035+00:00
legal:eac353b3cee55663cc42cf12,eac353b3cee55663cc42cf129daffd07a3da511a49939aea8c23e90a0e278a10,D:\Nova Legal\Indian Legal\processed_corpus\_work\extracted_input\raw\LAPI-Act-0808115B15D.pdf,D:\Nova Legal\Indian Legal\processed_corpus\unique_pdfs\acts\LAPI-Act-0808115B15D_eac353b3cee5.pdf,11807579,11,acts,59,tft a de Wer—(H1}04/0007/2003—10 REGISTERED NO. DL—(N)04/0007/2003—10,2003,,,,True,11,0,34655,processed,['OCR used on a high proportion of pages'],9,2026-08-06T07:19:45.625328+00:00
legal:838c95d8c4f92c6c288e82d3,838c95d8c4f92c6c288e82d322618375d0db46589220b2e8325572e94d54d982,D:\Nova Legal\Indian Legal\processed_corpus\_work\extracted_input\raw\LotteriesAct-19985B15D.pdf,D:\Nova Legal\Indian Legal\processed_corpus\unique_pdfs\acts\LotteriesAct-19985B15D_838c95d8c4f9.pdf,36245,4,acts,21,REGISTERED No.DL-33004/98,1998,,,,False,0,4,8991,processed,[],2,2026-08-06T07:19:45.763726+00:00
legal:119ff35a44e1e8accb799bd4,119ff35a44e1e8accb799bd4f3f93ddbd2fedbf960e3a28baa4502ff90e4852b,D:\Nova Legal\Indian Legal\processed_corpus\_work\extracted_input\raw\MinisterAct1952_0807145B15D.pdf,D:\Nova Legal\Indian Legal\processed_corpus\unique_pdfs\acts\MinisterAct1952_0807145B15D_119ff35a44e1.pdf,17018,4,acts,40,"THE SALARIES AND ALLOWANCES OF MINISTERS ACT, 1952",1952,,,17-9-2001,False,0,4,8731,processed,[],2,2026-08-06T07:19:45.876845+00:00
legal:127e9ffdb21fd134e6f24ecc,127e9ffdb21fd134e6f24ecc7458b8774d119b582081f15486a43c9e4a954ffc,D:\Nova Legal\Indian Legal\processed_corpus\_work\extracted_input\raw\MinistersAllowanceRules1957_35B15D.pdf,D:\Nova Legal\Indian Legal\processed_corpus\unique_pdfs\rules\MinistersAllowanceRules1957_35B15D_127e9ffdb21f.pdf,67894,20,rules,33,MINISTRY OF HOME AFFAIRS,1957,,,2-2-1972,False,0,20,44403,processed,[],11,2026-08-06T07:19:46.404079+00:00
legal:ae1a3c9c3bd242c85617c711,ae1a3c9c3bd242c85617c711d70494f7241fc3ad8cafe7f80b3d9ae34642339e,D:\Nova Legal\Indian Legal\processed_corpus\_work\extracted_input\raw\MinistersResidenceRules19625B15D.pdf,D:\Nova Legal\Indian Legal\processed_corpus\unique_pdfs\rules\MinistersResidenceRules19625B15D_ae1a3c9c3bd2.pdf,20033,2,rules,14,"MINISTERS – RESIDENCES RULES, 1962",1962,,,21-2-2003,False,0,2,3540,processed,[],1,2026-08-06T07:19:46.465729+00:00
legal:1529dd642487e6f51ee2207a,1529dd642487e6f51ee2207a75d1216259f3b7d80c0b7a136e0bb417f51df4cb,D:\Nova Legal\Indian Legal\processed_corpus\_work\extracted_input\raw\MPReorgAct2000_1309135B15D.PDF,D:\Nova Legal\Indian Legal\processed_corpus\unique_pdfs\orders\MPReorgAct2000_1309135B15D_1529dd642487.pdf,814735,39,orders,26,Uses we Sewee-33004 / 2000 Soe REGISTERED NO. DL-33004/2000,2000,,,,True,39,0,116000,processed,['OCR used on a high proportion of pages'],30,2026-08-06T07:20:51.941038+00:00
legal:dd7d38d5a8afe112dc3fa2f5,dd7d38d5a8afe112dc3fa2f57db0fc86af58b49509f3bd2e9e04c174fc42169e,D:\Nova Legal\Indian Legal\processed_corpus\_work\extracted_input\raw\NationalSecAmndmntAct19845B15D.pdf,D:\Nova Legal\Indian Legal\processed_corpus\unique_pdfs\acts\NationalSecAmndmntAct19845B15D_dd7d38d5a8af.pdf,3631072,12,acts,84,xtwei #. st (#1) 72 REGISTERED No. D-(D)-72 :,1906,,,,True,12,0,20297,processed,['OCR used on a high proportion of pages'],6,2026-08-06T07:21:11.486409+00:00
legal:132b076627112ab335b0334b,132b076627112ab335b0334be05200ff14d2b7e7d723544c5ef7e4d2772d4111,D:\Nova Legal\Indian Legal\processed_corpus\_work\extracted_input\raw\NBK04082026RFA732025_172059.pdf,D:\Nova Legal\Indian Legal\processed_corpus\unique_pdfs\judgments\NBK04082026RFA732025_172059_132b07662711.pdf,820675,32,judgments,60,* IN THE HIGH COURT OF DELHI AT NEW DELHI,2026,High Court Of Delhi At New Delhi,,15.11.2010,False,0,32,53878,processed,[],8,2026-08-06T07:21:12.528786+00:00
legal:3fad71eee1c826acf1bc1710,3fad71eee1c826acf1bc1710d1a32bb85145ab67e512189c28687751966db1fa,D:\Nova Legal\Indian Legal\processed_corpus\_work\extracted_input\raw\NBK04082026RSA1852024_172035.pdf,D:\Nova Legal\Indian Legal\processed_corpus\unique_pdfs\judgments\NBK04082026RSA1852024_172035_3fad71eee1c8.pdf,504928,7,judgments,21,* IN THE HIGH COURT OF DELHI AT NEW DELHI,2026,High Court Of Delhi At New Delhi,,01.08.2024,False,0,7,9504,processed,[],2,2026-08-06T07:21:12.760488+00:00
legal:8bd1e0684a85a3d0c8a911f6,8bd1e0684a85a3d0c8a911f6b6e617c244d2187a50ab51e71fb0c67a91394d09,D:\Nova Legal\Indian Legal\processed_corpus\_work\extracted_input\raw\NBK04082026RSA572018_171930.pdf,D:\Nova Legal\Indian Legal\processed_corpus\unique_pdfs\judgments\NBK04082026RSA572018_171930_8bd1e0684a85.pdf,840564,27,judgments,10,* IN THE HIGH COURT OF DELHI AT NEW DELHI,2026,High Court Of Delhi At New Delhi,,11.12.2017,False,0,27,46245,processed,[],8,2026-08-06T07:21:13.530414+00:00
legal:3d7ebcf63c6ff6c799ddb982,3d7ebcf63c6ff6c799ddb982211d644f2277c699eb3906c7fce2d6a3c9d979fd,D:\Nova Legal\Indian Legal\processed_corpus\_work\extracted_input\raw\NDM_Noti1708095B15D.pdf,D:\Nova Legal\Indian Legal\processed_corpus\unique_pdfs\notifications\NDM_Noti1708095B15D_3d7ebcf63c6f.pdf,3219232,21,notifications,12,seg ee Sh wer-33004/99 eho. REGD. NO. D. L.-33004/99,2009,,,,True,21,0,42659,processed,['OCR used on a high proportion of pages'],12,2026-08-06T07:21:52.793005+00:00
legal:d7edaf84a619d11493864b55,d7edaf84a619d11493864b559fd0ecbbf20309d3561b37319209fcc11c13e1aa,D:\Nova Legal\Indian Legal\processed_corpus\_work\extracted_input\raw\NDMCACT19441_290420175B15D.pdf,D:\Nova Legal\Indian Legal\processed_corpus\unique_pdfs\acts\NDMCACT19441_290420175B15D_d7edaf84a619.pdf,27771074,185,acts,10,CONTENTS,1994,,,,True,1,184,503975,processed,[],155,2026-08-06T07:21:59.416338+00:00
legal:5ba001fbba770648e3a2c6f2,5ba001fbba770648e3a2c6f2b480ead95df01610958df9154af0d19a28d1b043,D:\Nova Legal\Indian Legal\processed_corpus\_work\extracted_input\raw\Noti2186-0208135B15D.pdf,D:\Nova Legal\Indian Legal\processed_corpus\unique_pdfs\acts\Noti2186-0208135B15D_5ba001fbba77.pdf,3173925,2,acts,9,| (aM I1—aves 3(ii) J FT Al UIA : AAR ay *,2013,,,13/4/2013,True,2,0,6610,processed,['OCR used on a high proportion of pages'],2,2026-08-06T07:22:04.962013+00:00
legal:eb2e5ebaf4d850e390ceb692,eb2e5ebaf4d850e390ceb6920f31e81a4fff660875a316dcc7c71e582c79b11a,D:\Nova Legal\Indian Legal\processed_corpus\_work\extracted_input\raw\Noti80EAllowPrivAmendRule2015_0904155B15D.pdf,D:\Nova Legal\Indian Legal\processed_corpus\unique_pdfs\rules\Noti80EAllowPrivAmendRule2015_0904155B15D_eb2e5ebaf4d8.pdf,1023066,4,rules,11,"tfit 't,io o 70--33004/99 REGD. NO. D. L-33004/99",2015,,,,False,0,4,10149,processed,[],3,2026-08-06T07:22:05.215556+00:00
legal:f8b416c2caf2fc23e9e17478,f8b416c2caf2fc23e9e17478efb906392d1203242bddc0962e511cd6712fd079,D:\Nova Legal\Indian Legal\processed_corpus\_work\extracted_input\raw\NotiAPReOrgAct_1504145B15D.pdf,D:\Nova Legal\Indian Legal\processed_corpus\unique_pdfs\notifications\NotiAPReOrgAct_1504145B15D_f8b416c2caf2.pdf,231413,1,notifications,3,Cat Ao So Weto-33004/99 Ga) . REGD.NO.D.L-33004/99,2014,,,,True,1,0,1048,processed,['OCR used on a high proportion of pages'],1,2026-08-06T07:22:06.453520+00:00
legal:7d9446aedcf8bdf3cd48818b,7d9446aedcf8bdf3cd48818bb14b1d2ff39312bff6eea0d526f970bfd19cedeb,D:\Nova Legal\Indian Legal\processed_corpus\_work\extracted_input\raw\notice_of_dhjs.pdf,D:\Nova Legal\Indian Legal\processed_corpus\unique_pdfs\examinations\notice_of_dhjs_7d9446aedcf8.pdf,1609172,5,examinations,13,HIGH COURT OF DELHI: NEW DELHI,2026,High Court Of Delhi,,28.07.2026,False,0,5,4642,processed,[],1,2026-08-06T07:22:06.685635+00:00
legal:20077e31f085f9b73c681877,20077e31f085f9b73c6818770b4106fbe308300f0ede9b5d28b99ea628ac7cba,D:\Nova Legal\Indian Legal\processed_corpus\_work\extracted_input\raw\NotiCustodian2520of2520Enemy2520Property612E_2909145B15D.pdf,D:\Nova Legal\Indian Legal\processed_corpus\unique_pdfs\notifications\NotiCustodian2520of2520Enemy2520Property612E_2909145B15D_20077e31f085.pdf,2775713,7,notifications,15,Che Gazette of India,2012,,,,True,7,0,11319,processed,['OCR used on a high proportion of pages'],3,2026-08-06T07:22:19.016675+00:00
legal:046b5318f22dc17464f99138,046b5318f22dc17464f99138f07a607c744bc9ba1225c9c84eea73066fb24e2f,D:\Nova Legal\Indian Legal\processed_corpus\_work\extracted_input\raw\NotiDeputyCustodianofEnemyProperty613E_2909145B15D.pdf,D:\Nova Legal\Indian Legal\processed_corpus\unique_pdfs\notifications\NotiDeputyCustodianofEnemyProperty613E_2909145B15D_046b5318f22d.pdf,3929009,12,notifications,8,[AMT Ive 3(i)] ART AT UAT: sere 7,2012,,,,True,12,0,13003,processed,['OCR used on a high proportion of pages'],4,2026-08-06T07:22:35.686338+00:00
legal:24cde960372781d3a8ec8525,24cde960372781d3a8ec85251cad03a0d6b12e238559ac3cfaf6f7653a00632f,D:\Nova Legal\Indian Legal\processed_corpus\_work\extracted_input\raw\Notification_061020205B15D.pdf,D:\Nova Legal\Indian Legal\processed_corpus\unique_pdfs\notifications\Notification_061020205B15D_24cde9603727.pdf,1101055,1,notifications,4,रजिस्ट्री सं. डी.एल.- 33004/99 REGD. No. D. L.-33004/99,2020,,,,False,0,1,1456,processed,[],1,2026-08-06T07:22:35.864332+00:00
legal:eb18f625f4910cadd5271441,eb18f625f4910cadd5271441e2688c88ce169ce2a9ce458a36bdf140626c033a,D:\Nova Legal\Indian Legal\processed_corpus\_work\extracted_input\raw\NotificationCivilServicesAmedmentRule_0807165B15D.pdf,D:\Nova Legal\Indian Legal\processed_corpus\unique_pdfs\rules\NotificationCivilServicesAmedmentRule_0807165B15D_eb18f625f491.pdf,145691,3,rules,11,"oe [To be published inthe Gavette of India, Part-I, Section 3, Sub-section (i)|",2015,,Civil Appeal No. 9970/2014,,True,3,0,3629,processed,['OCR used on a high proportion of pages'],1,2026-08-06T07:22:38.810402+00:00
legal:3cefffe05210626281c9d7ef,3cefffe05210626281c9d7efc439b689b5ad343b65fe0000ed1c49284f5dcda5,D:\Nova Legal\Indian Legal\processed_corpus\_work\extracted_input\raw\NotiSikhGurdwarasActAmendment_1205165B15D.PDF,D:\Nova Legal\Indian Legal\processed_corpus\unique_pdfs\acts\NotiSikhGurdwarasActAmendment_1205165B15D_3cefffe05210.pdf,24694,2,acts,13,TTT TTT ———————————————_———_—__________,2003,,,06-05-2016,True,2,0,2132,processed,['OCR used on a high proportion of pages'],1,2026-08-06T07:22:40.948639+00:00
legal:8b6250cbe3e27ddd9bf3cad3,8b6250cbe3e27ddd9bf3cad3f4e14f662cba3dd65fa491c3839765164d4dbc9f,D:\Nova Legal\Indian Legal\processed_corpus\_work\extracted_input\raw\NSGAct19865B15D.pdf,D:\Nova Legal\Indian Legal\processed_corpus\unique_pdfs\acts\NSGAct19865B15D_8b6250cbe3e2.pdf,129735,62,acts,56,"THE NATIONAL SECURITY GUARD ACT, 1986",1986,Court Of Ordinary Criminal Justice In,,,False,0,62,110943,processed,[],25,2026-08-06T07:22:41.936196+00:00
legal:4517dc31c3d371317ec54a9e,4517dc31c3d371317ec54a9e7ebe1b6ee69801b83cc8039454d8807fd567ea51,D:\Nova Legal\Indian Legal\processed_corpus\_work\extracted_input\raw\NSGRules19875B15D.pdf,D:\Nova Legal\Indian Legal\processed_corpus\unique_pdfs\rules\NSGRules19875B15D_4517dc31c3d3.pdf,223403,101,rules,30,MINISTRY OF HOME AFFAIRS,1987,,,,False,0,101,183775,processed,[],44,2026-08-06T07:22:43.449745+00:00
legal:de0c9b0d73a42e5e91f8f8da,de0c9b0d73a42e5e91f8f8dac8c1bef537ce4f3f7144d25476cdeda466af5ac6,D:\Nova Legal\Indian Legal\processed_corpus\_work\extracted_input\raw\odishaAlterationAct20115B15D.pdf,D:\Nova Legal\Indian Legal\processed_corpus\unique_pdfs\acts\odishaAlterationAct20115B15D_de0c9b0d73a4.pdf,371141,2,acts,9,Uae He Se Ter—(Y7)04/0007/2003—11 REGISTERED NO. DL—(N)04/0007/2003—11,2003,,,19-10-2014,True,2,0,4249,processed,['OCR used on a high proportion of pages'],1,2026-08-06T07:22:46.906238+00:00
legal:c776b4a73c4e74ca1648f7b6,c776b4a73c4e74ca1648f7b605678bd17f803a4cc3c7b23cdd191837c97531fe,D:\Nova Legal\Indian Legal\processed_corpus\_work\extracted_input\raw\Official_Secret_Act19235B15D.pdf,D:\Nova Legal\Indian Legal\processed_corpus\unique_pdfs\acts\Official_Secret_Act19235B15D_c776b4a73c4e.pdf,32219,8,acts,58,"Act Name : THE OFFICIAL SECRETS ACT, 1923",1923,Court Of Justice Or A Person To Whom It Is,,,False,0,8,28884,processed,[],8,2026-08-06T07:22:47.192183+00:00
legal:068221e9199aa29cc9ad5b54,068221e9199aa29cc9ad5b549644526aa802c334b49410c204877c606764d97d,D:\Nova Legal\Indian Legal\processed_corpus\_work\extracted_input\raw\OSA25201923_25042017_05B15D.pdf,D:\Nova Legal\Indian Legal\processed_corpus\unique_pdfs\acts\OSA25201923_25042017_05B15D_068221e9199a.pdf,4086513,9,acts,7,az nee :,1923,,,,True,9,0,20310,processed,['OCR used on a high proportion of pages'],6,2026-08-06T07:23:08.619759+00:00
legal:c31dfb0629b552aa9f87c509,c31dfb0629b552aa9f87c509351f3d492e6ba26db3ac2a0f618b7d5a91265813,D:\Nova Legal\Indian Legal\processed_corpus\_work\extracted_input\raw\Paper_4_Business_Law_&_Management_CSEET_18122025.pdf,D:\Nova Legal\Indian Legal\processed_corpus\unique_pdfs\acts\Paper_4_Business_Law_&_Management_CSEET_18122025_c31dfb0629b5.pdf,4427486,284,acts,4,STUDY MATERIAL,,,,,True,3,271,732893,processed,[],164,2026-08-06T07:23:20.724886+00:00
legal:9646b088c68296bde84ba7fc,9646b088c68296bde84ba7fca541ee2da23cc19fe1e287393c97c7f8f0fee678,D:\Nova Legal\Indian Legal\processed_corpus\_work\extracted_input\raw\PDPPA2C19845B15D.pdf,D:\Nova Legal\Indian Legal\processed_corpus\unique_pdfs\acts\PDPPA2C19845B15D_9646b088c682.pdf,42958,2,acts,16,An Act to provide for prevention of damage to public property and for matters connected,1984,,,,False,0,2,4099,processed,[],1,2026-08-06T07:23:20.896086+00:00
legal:2b35007f1baf68ae940f2e3f,2b35007f1baf68ae940f2e3f7f03f6b412a791d976c6377df4b10faf49ca760e,D:\Nova Legal\Indian Legal\processed_corpus\_work\extracted_input\raw\PlaceWorshipAct19915B15D.pdf,D:\Nova Legal\Indian Legal\processed_corpus\unique_pdfs\acts\PlaceWorshipAct19915B15D_2b35007f1baf.pdf,12566,3,acts,29,THE PLACES OF WORSHIP (SPECIAL PROVISIONS) ACT 1991,1991,,,,False,0,3,5937,processed,[],2,2026-08-06T07:23:20.981036+00:00
legal:0e685bb9a662023bcce906cb,0e685bb9a662023bcce906cbdeee70ae23f3925516737c5e65ff68c4ff27f61c,D:\Nova Legal\Indian Legal\processed_corpus\_work\extracted_input\raw\PMS04082026CRLA6302026_163343.pdf,D:\Nova Legal\Indian Legal\processed_corpus\unique_pdfs\orders\PMS04082026CRLA6302026_163343_0e685bb9a662.pdf,480466,20,orders,38,* IN THE HIGH COURT OF DELHI AT NEW DELHI,2026,High Court Of Delhi At New Delhi,appeal not,,False,0,20,33821,processed,[],7,2026-08-06T07:23:21.303249+00:00
legal:33ba96fdaef8d02608e5631d,33ba96fdaef8d02608e5631d4ffb8bcd3084c09eafa2b9e2d5a408498129579e,D:\Nova Legal\Indian Legal\processed_corpus\_work\extracted_input\raw\Pondicherry_Rule_180520175B15D.PDF,D:\Nova Legal\Indian Legal\processed_corpus\unique_pdfs\rules\Pondicherry_Rule_180520175B15D_33ba96fdaef8.pdf,232001,21,rules,36,: / yeee,2017,,,01/05/2017,True,21,0,41655,processed,['OCR used on a high proportion of pages'],10,2026-08-06T07:23:49.071281+00:00
legal:781df29b38b646a484437e9a,781df29b38b646a484437e9a4bf57d65c3df922d6de099f10ac7ae641b04bb57,D:\Nova Legal\Indian Legal\processed_corpus\_work\extracted_input\raw\PptEntryAct19205B15D.pdf,D:\Nova Legal\Indian Legal\processed_corpus\unique_pdfs\acts\PptEntryAct19205B15D_781df29b38b6.pdf,12644,3,acts,26,VOL. IV-B,1920,,,20.9.1976,False,0,3,5244,processed,[],2,2026-08-06T07:23:49.146528+00:00
legal:fafd4603eccfb5ddabb13705,fafd4603eccfb5ddabb1370594c7f7c82e2dc45bbc9e7bc6edd1e5014c3f9842,D:\Nova Legal\Indian Legal\processed_corpus\_work\extracted_input\raw\President_emoluments_act1951_UPDATED_5B15D.pdf,D:\Nova Legal\Indian Legal\processed_corpus\unique_pdfs\acts\President_emoluments_act1951_UPDATED_5B15D_fafd4603eccf.pdf,19012,3,acts,32,"THE PRESIDENT’S 1^(EMOLUMENTS AND) PENSION ACT, 1951",1951,,,1-1-2006,False,0,3,6238,processed,[],2,2026-08-06T07:23:49.237826+00:00
legal:3c31322601bd571a99e0d8ab,3c31322601bd571a99e0d8ab2198a04d8bf44c11b671ea828edb374913dc319e,D:\Nova Legal\Indian Legal\processed_corpus\_work\extracted_input\raw\PresidentPensionRulesupto2018_090820185B15D.pdf,D:\Nova Legal\Indian Legal\processed_corpus\unique_pdfs\rules\PresidentPensionRulesupto2018_090820185B15D_3c31322601bd.pdf,40982,8,rules,34,MINISTRY OF HOME AFFAIRS,1962,,,9-4-1986,False,0,8,15353,processed,[],4,2026-08-06T07:23:49.403733+00:00
legal:98bdd954dedeaa4fbeb6f54c,98bdd954dedeaa4fbeb6f54c08e97349c77164e0a2942056050a18e5e7221d79,D:\Nova Legal\Indian Legal\processed_corpus\_work\extracted_input\raw\PresidentsActupto2018_090820185B15D.pdf,D:\Nova Legal\Indian Legal\processed_corpus\unique_pdfs\acts\PresidentsActupto2018_090820185B15D_98bdd954dede.pdf,24167,3,acts,40,"THE PRESIDENT’S 1^(EMOLUMENTS AND) PENSION ACT, 1951",1951,,,1-1-2016,False,0,3,6597,processed,[],2,2026-08-06T07:23:49.498513+00:00
legal:fac5ec251a5455bd4db8b0ce,fac5ec251a5455bd4db8b0ce16f0f3acfdce04e1c07ff44fb8e8bb537b3d9991,D:\Nova Legal\Indian Legal\processed_corpus\_work\extracted_input\raw\Prevention_Insults_National_Honour_Act1971.pdf,D:\Nova Legal\Indian Legal\processed_corpus\unique_pdfs\acts\Prevention_Insults_National_Honour_Act1971_fac5ec251a54.pdf,15491,2,acts,13,"THE PREVENTION OF INSULTS TO NATIONAL HONOUR ACT, 1971",1971,,,8.5.2003,False,0,2,4309,processed,[],1,2026-08-06T07:23:49.569696+00:00
legal:bd0527f24c0fddc99991b8f8,bd0527f24c0fddc99991b8f8d8953adf3c30f2ea5f7ee162096dd565846b1d2b,D:\Nova Legal\Indian Legal\processed_corpus\_work\extracted_input\raw\Prisons_act18945B15D.pdf,D:\Nova Legal\Indian Legal\processed_corpus\unique_pdfs\acts\Prisons_act18945B15D_bd0527f24c0f.pdf,62804,20,acts,25,GOVERNMENT OF INDIA,1957,,,,False,0,20,46402,processed,[],12,2026-08-06T07:23:49.955051+00:00
legal:060da2843297e68b42b54167,060da2843297e68b42b5416781a9fce39c1f7b212b65930161e0300bb778cad7,D:\Nova Legal\Indian Legal\processed_corpus\_work\extracted_input\raw\pro_for_04.08.2026.pdf,D:\Nova Legal\Indian Legal\processed_corpus\unique_pdfs\judgments\pro_for_04.08.2026_060da2843297.pdf,667717,6,judgments,34,04.08.2026 PRONOUNCEMENT OF JUDGMENT,2026,,,04.08.2026,False,0,6,5219,processed,[],2,2026-08-06T07:23:50.058044+00:00
legal:273ab12b31ba6f16ebb35fc1,273ab12b31ba6f16ebb35fc1b8b80648030fdf5b32ab598ac3804376caa83b96,D:\Nova Legal\Indian Legal\processed_corpus\_work\extracted_input\raw\pro_for_06.08.2026.pdf,D:\Nova Legal\Indian Legal\processed_corpus\unique_pdfs\judgments\pro_for_06.08.2026_273ab12b31ba.pdf,665244,6,judgments,36,06.08.2026 PRONOUNCEMENT OF JUDGMENT,2026,,,06.08.2026,False,0,6,4973,processed,[],1,2026-08-06T07:23:50.133225+00:00
legal:72da406a6ae663a05096a458,72da406a6ae663a05096a458385c5e56fa7699b14815dd249852437682926588,D:\Nova Legal\Indian Legal\processed_corpus\_work\extracted_input\raw\Protection2520of2520HR2520Act19935B15D.pdf,D:\Nova Legal\Indian Legal\processed_corpus\unique_pdfs\acts\Protection2520of2520HR2520Act19935B15D_72da406a6ae6.pdf,41740,24,acts,22,"THE PROTECTION OF HUMAN RIGHTS ACT, 1993",1993,,,,False,0,24,42094,processed,[],10,2026-08-06T07:23:50.488681+00:00
legal:ad16855e95d0708d14cc53b9,ad16855e95d0708d14cc53b9ed184e17cf871329a59bed6e0e82f5d8e0e740e4,D:\Nova Legal\Indian Legal\processed_corpus\_work\extracted_input\raw\PS_Agencies_Regulation_Act20055B15D.pdf,D:\Nova Legal\Indian Legal\processed_corpus\unique_pdfs\orders\PS_Agencies_Regulation_Act20055B15D_ad16855e95d0.pdf,29035,15,orders,23,"THE PRIVATE SECURITY AGENCIES (REGULATION) ACT, 2005",2005,Court Of Law Involving The Applicant,,,False,0,15,25815,processed,[],6,2026-08-06T07:23:50.712557+00:00
legal:1f4d15cc75f62d333de47add,1f4d15cc75f62d333de47add9c5ffc45161eb20048b30348dc098b3811b806d9,D:\Nova Legal\Indian Legal\processed_corpus\_work\extracted_input\raw\PublicProDamgeAct_200515_05B15D.pdf,D:\Nova Legal\Indian Legal\processed_corpus\unique_pdfs\acts\PublicProDamgeAct_200515_05B15D_1f4d15cc75f6.pdf,1086086,6,acts,50,F No. 24013/12/C.C./2013-CSR.III,2013,,,18-06-2007,True,6,0,11041,processed,['OCR used on a high proportion of pages'],3,2026-08-06T07:24:00.559022+00:00
legal:aeffd5ebadd3c3be4878241e,aeffd5ebadd3c3be4878241e96cc4848c4bd89f4647bf23423822097db87811a,D:\Nova Legal\Indian Legal\processed_corpus\_work\extracted_input\raw\rbd_act_19695B15D.pdf,D:\Nova Legal\Indian Legal\processed_corpus\unique_pdfs\acts\rbd_act_19695B15D_aeffd5ebadd3.pdf,109895,7,acts,55,"The Registration of Births and Deaths Act, 1969",1969,,,,False,0,7,25544,processed,[],7,2026-08-06T07:24:00.806397+00:00
legal:86c5cb7960f30fcc35260cd6,86c5cb7960f30fcc35260cd609765c740b5172c41eeb8adb25c518abb0cb5565,D:\Nova Legal\Indian Legal\processed_corpus\_work\extracted_input\raw\ReligiousInstitutionsAct19885B15D.pdf,D:\Nova Legal\Indian Legal\processed_corpus\unique_pdfs\acts\ReligiousInstitutionsAct19885B15D_86c5cb7960f3.pdf,36836,4,acts,22,"jftLVªh la‚ Mh ¼Mh,u½ 127@88 REGISTERED NO. D(DN) 127/88",1988,,,,False,0,4,8524,processed,[],2,2026-08-06T07:24:00.915310+00:00
legal:56333cef8171a181ee492221,56333cef8171a181ee4922216ddb2165efa667ad1fe55444bb6a408417b7eec1,D:\Nova Legal\Indian Legal\processed_corpus\_work\extracted_input\raw\RepatriationofPrisAct-20035B15D.pdf,D:\Nova Legal\Indian Legal\processed_corpus\unique_pdfs\notifications\RepatriationofPrisAct-20035B15D_56333cef8171.pdf,56977,6,notifications,22,REGISTERED No.DL-(N)04/0007/2003-05,2003,,,,False,0,6,16674,processed,[],4,2026-08-06T07:24:01.091777+00:00
legal:0f05722efe23cc220d451913,0f05722efe23cc220d4519130503d806d93b2706bb89b842b8321e24397fb8e7,D:\Nova Legal\Indian Legal\processed_corpus\_work\extracted_input\raw\RepatriationRules20045B15D.pdf,D:\Nova Legal\Indian Legal\processed_corpus\unique_pdfs\acts\RepatriationRules20045B15D_0f05722efe23.pdf,35617,6,acts,18,THE GAZETTE OF INDIA,2004,,,,False,0,6,8274,processed,[],2,2026-08-06T07:24:01.184437+00:00
legal:ae8920ad726fbb6dfdec8d32,ae8920ad726fbb6dfdec8d327c4bdda580ca175bcad1ef4212ca868fe4d1ea3a,D:\Nova Legal\Indian Legal\processed_corpus\_work\extracted_input\raw\repealedfileopen.pdf,D:\Nova Legal\Indian Legal\processed_corpus\unique_pdfs\acts\repealedfileopen_ae8920ad726f.pdf,1104850,119,acts,54,THE INDIAN PENAL CODE,,Court Of Justice,,,False,0,119,477956,processed,[],120,2026-08-06T07:24:05.652174+00:00
legal:31c4c877651a7a646ec354f0,31c4c877651a7a646ec354f0993a9ba7c3bad686e01d6242dc30447817f304d8,D:\Nova Legal\Indian Legal\processed_corpus\_work\extracted_input\raw\RRU_201120205B15D.pdf,D:\Nova Legal\Indian Legal\processed_corpus\unique_pdfs\acts\RRU_201120205B15D_31c4c877651a.pdf,721786,2,acts,8,"File No, 23011/93/2020-BPR&D",2020,,,17.11.2020,True,2,0,2846,processed,['OCR used on a high proportion of pages'],1,2026-08-06T07:24:08.678235+00:00
legal:c8bcb6c4cbae1031693e7a43,c8bcb6c4cbae1031693e7a43882f0264b82c06807256698f8fc495fdd04172a9,D:\Nova Legal\Indian Legal\processed_corpus\_work\extracted_input\raw\RulesBharatRatna26PadmaAwards_0_0.pdf,D:\Nova Legal\Indian Legal\processed_corpus\unique_pdfs\notifications\RulesBharatRatna26PadmaAwards_0_0_c8bcb6c4cbae.pdf,536824,5,notifications,23,. Aad». T. |,1955,,,,True,5,0,16751,processed,['OCR used on a high proportion of pages'],5,2026-08-06T07:24:19.334538+00:00
legal:66acfd5478fac0355655c78d,66acfd5478fac0355655c78d364c5ea1b0108dc1db2e4d5603adb79a28046209,D:\Nova Legal\Indian Legal\processed_corpus\_work\extracted_input\raw\Section220oftheFinanceAct_2018_091020205B15D.pdf,D:\Nova Legal\Indian Legal\processed_corpus\unique_pdfs\acts\Section220oftheFinanceAct_2018_091020205B15D_66acfd5478fa.pdf,7144209,2,acts,9,ta He Se eie—(w7)04/0007/2003—18 REGISTERED NO. DL—(N)04/0007/2003—18,2003,,,,True,2,0,2466,processed,['OCR used on a high proportion of pages'],1,2026-08-06T07:24:23.215776+00:00
legal:f5b974946402cb5092657999,f5b974946402cb5092657999e8904d5fc8fe5d288ea60bdb2249fb724ab26d0e,D:\Nova Legal\Indian Legal\processed_corpus\_work\extracted_input\raw\Section236oftheFinanceAct_2016_091020205B15D.pdf,D:\Nova Legal\Indian Legal\processed_corpus\unique_pdfs\acts\Section236oftheFinanceAct_2016_091020205B15D_f5b974946402.pdf,6887345,2,acts,19,xfsrest de Ste wer—(wH)04/0007/2003—16 REGISTERED NO. DL—(N)04/0007/2003—16,2003,,,,True,2,0,3674,processed,['OCR used on a high proportion of pages'],1,2026-08-06T07:24:27.365461+00:00
legal:7f13a3c03c811f1e4d668504,7f13a3c03c811f1e4d66850456d53f001b7d91faea64dfeb953a6f9ba2347f48,D:\Nova Legal\Indian Legal\processed_corpus\_work\extracted_input\raw\Sikh2520Gurdwaras2520Board2520Election2520Rules2C252019595B15D.PDF,D:\Nova Legal\Indian Legal\processed_corpus\unique_pdfs\rules\Sikh2520Gurdwaras2520Board2520Election2520Rules2C252019595B15D_7f13a3c03c81.pdf,680835,59,rules,37,"'THE SIKH GURDWARAS BOARD ELECTION RULES, 1959",1959,,,,True,59,0,97768,processed,['OCR used on a high proportion of pages'],25,2026-08-06T07:25:28.775714+00:00
legal:801eabee771d7664cb6fc6ae,801eabee771d7664cb6fc6ae670ae0c4067b1cef6e1c842fb2aa70d73b4835e3,D:\Nova Legal\Indian Legal\processed_corpus\_work\extracted_input\raw\Sikh_Gurrdwara_Act19255B15D.pdf,D:\Nova Legal\Indian Legal\processed_corpus\unique_pdfs\acts\Sikh_Gurrdwara_Act19255B15D_801eabee771d.pdf,492187,138,acts,34,1925: Pb. Act VIII.] SIKH GURDWARAS,1925,,,,False,0,138,285303,processed,[],52,2026-08-06T07:25:31.162905+00:00
legal:a0c0eda39028e6be4d0ad338,a0c0eda39028e6be4d0ad3385fdc1166f8c41ec5ffa7271c275e584b22443f02,D:\Nova Legal\Indian Legal\processed_corpus\_work\extracted_input\raw\SSB-Act20075B15D.pdf,D:\Nova Legal\Indian Legal\processed_corpus\unique_pdfs\acts\SSB-Act20075B15D_a0c0eda39028.pdf,196654,36,acts,101,"jftLVªh lañ Mhñ ,yñ—(,u)04@0007@2003—07 REGISTERED NO. DL—(N)04/0007/2003—07",2003,Court Of Ordinary Criminal Justice In Any Part Of India,,,False,0,36,124531,processed,[],29,2026-08-06T07:25:32.264388+00:00
legal:337a9a0fd59114766a5dde44,337a9a0fd59114766a5dde4450dcf909afd50537cea200232ae0987c69ba6818,D:\Nova Legal\Indian Legal\processed_corpus\_work\extracted_input\raw\SSB-Rule20095B15D.pdf,D:\Nova Legal\Indian Legal\processed_corpus\unique_pdfs\rules\SSB-Rule20095B15D_337a9a0fd591.pdf,504924,110,rules,37,"[To be published in the Gazette of India, Extraordinary, Part II, Section 3,",2009,,,,False,0,110,219425,processed,[],50,2026-08-06T07:25:34.140230+00:00
legal:032c9ca5b63a04a4b8129eee,032c9ca5b63a04a4b8129eeeede0471123a9622ecdf1fde689148cd0598a8ded,D:\Nova Legal\Indian Legal\processed_corpus\_work\extracted_input\raw\STATE_EMBLEM_ACT2005.pdf,D:\Nova Legal\Indian Legal\processed_corpus\unique_pdfs\acts\STATE_EMBLEM_ACT2005_032c9ca5b63a.pdf,28882,6,acts,13,"THE STATE EMBLEM OF INDIA (PROHIBITION OF IMPROPER USE) ACT, 2005",2005,,,,True,1,5,8789,processed,[],2,2026-08-06T07:25:34.740683+00:00
legal:ff4e9d24264e3da13b5cf2e3,ff4e9d24264e3da13b5cf2e3fcd03a5813f046c36d3426c53c82beff3b16c196,D:\Nova Legal\Indian Legal\processed_corpus\_work\extracted_input\raw\StateEmblemRules-2010_05B15D.pdf,D:\Nova Legal\Indian Legal\processed_corpus\unique_pdfs\unknown\StateEmblemRules-2010_05B15D_ff4e9d24264e.pdf,278126,2,unknown,0,ara z WAT,,,,,True,1,0,30,processed,"['Low-confidence document classification', 'Very little text extracted']",0,2026-08-06T07:25:35.077470+00:00
legal:3cc7c87ba0f0963dc5700a03,3cc7c87ba0f0963dc5700a03931f6fd549568d32390871b9d7f009dfef2aa2c7,D:\Nova Legal\Indian Legal\processed_corpus\_work\extracted_input\raw\tender_no._12382_27.07.2026.pdf,D:\Nova Legal\Indian Legal\processed_corpus\unique_pdfs\orders\tender_no._12382_27.07.2026_3cc7c87ba0f0.pdf,1655081,8,orders,9,IN THE HIGH COURT OF DELHI AT NEW DERill,2026,High Court Of Delhi At New Derill,,,False,0,8,10177,processed,[],3,2026-08-06T07:25:35.336521+00:00
legal:6c016e40159e438beb0ec201,6c016e40159e438beb0ec201480e0a0c50c765d09b745a938333f026c9cd7f89,D:\Nova Legal\Indian Legal\processed_corpus\_work\extracted_input\raw\The2520Armed2520Forces252028Jammu2520and2520Kashmir292520Special2520Powers2520Act2C252019905B15D.pdf,D:\Nova Legal\Indian Legal\processed_corpus\unique_pdfs\acts\The2520Armed2520Forces252028Jammu2520and2520Kashmir292520Special2520Powers2520Act2C252019905B15D_6c016e40159e.pdf,221923,2,acts,22,THE ARMED FORCES (JAMMU AND KASHMIR),1990,,,,False,0,2,6268,processed,[],2,2026-08-06T07:25:35.429265+00:00
legal:2c230a92a55bca410e887543,2c230a92a55bca410e887543d229471a2a74ea55c10f52c626e79856d94b3d85,D:\Nova Legal\Indian Legal\processed_corpus\_work\extracted_input\raw\The2520Bombay2520Reorganisation2520Act25201960_2706145B15D.pdf,D:\Nova Legal\Indian Legal\processed_corpus\unique_pdfs\acts\The2520Bombay2520Reorganisation2520Act25201960_2706145B15D_2c230a92a55b.pdf,395845,65,acts,32,"THE BOMBAY REORGANISATION ACT, 1960",1960,,,,False,0,65,115187,processed,[],28,2026-08-06T07:25:36.397640+00:00
legal:aba52057cf0ac4853499f976,aba52057cf0ac4853499f9766baf8c79dac395d6ea469c33e503b102604850fd,D:\Nova Legal\Indian Legal\processed_corpus\_work\extracted_input\raw\The2520Disaster2520Management2520Act2C252020055B15D.pdf,D:\Nova Legal\Indian Legal\processed_corpus\unique_pdfs\acts\The2520Disaster2520Management2520Act2C252020055B15D_aba52057cf0a.pdf,390528,29,acts,23,"THE DISASTER MANAGEMENT ACT, 2005",2005,,,,False,0,29,95225,processed,[],23,2026-08-06T07:25:37.194954+00:00
legal:f238d1b666cb9243448f43c7,f238d1b666cb9243448f43c798060e4de1da58192d48bf7e6a939712c5791668,D:\Nova Legal\Indian Legal\processed_corpus\_work\extracted_input\raw\The2520National2520Investigation2520Agency252028Manner2520of2520Constitution292520Rules2C25202008252028English2520262520Hindi295B15D.pdf,D:\Nova Legal\Indian Legal\processed_corpus\unique_pdfs\acts\The2520National2520Investigation2520Agency252028Manner2520of2520Constitution292520Rules2C25202008252028English2520262520Hindi295B15D_f238d1b666cb.pdf,86790,2,acts,15,aest Ho Sto Weto-33004/99 oto. REGD.NO. D.L.-33004/99,2008,,,,True,2,0,5175,processed,['OCR used on a high proportion of pages'],2,2026-08-06T07:25:40.788557+00:00
legal:801980be0a459b9578afb3ad,801980be0a459b9578afb3add27e4eea7ffb2b9b323ec78872a3d5d29f7bed49,D:\Nova Legal\Indian Legal\processed_corpus\_work\extracted_input\raw\The2520National2520Investigation2520Agency2520Act2C25202008252028English295B15D.pdf,D:\Nova Legal\Indian Legal\processed_corpus\unique_pdfs\acts\The2520National2520Investigation2520Agency2520Act2C25202008252028English295B15D_801980be0a45.pdf,266349,10,acts,57,"THE NATIONAL INVESTIGATION AGENCY ACT, 2008",2008,,,,False,0,10,25262,processed,[],6,2026-08-06T07:25:41.041830+00:00
legal:5f78457b827a67dc779cd42c,5f78457b827a67dc779cd42ce571c887a69498498993dc1fedbacb1b8758b928,D:\Nova Legal\Indian Legal\processed_corpus\_work\extracted_input\raw\The2520Procedure2520for2520Admission2520and2520Disposal2520of2520Application2520Rules2C252020045B15D.pdf,D:\Nova Legal\Indian Legal\processed_corpus\unique_pdfs\notifications\The2520Procedure2520for2520Admission2520and2520Disposal2520of2520Application2520Rules2C252020045B15D_5f78457b827a.pdf,43465,2,notifications,5,Bt R-!129b,2004,,,,True,2,0,3026,processed,['OCR used on a high proportion of pages'],1,2026-08-06T07:25:43.418570+00:00
legal:dc144d3b093a5f3cd30fccde,dc144d3b093a5f3cd30fccde4ffbb39645ea132e20da56be6295041ebadd92a7,D:\Nova Legal\Indian Legal\processed_corpus\_work\extracted_input\raw\The2520Qualifications2520for2520the2520members2520of2520the2520Review2520Committee2520Rules2C252020045B15D.pdf,D:\Nova Legal\Indian Legal\processed_corpus\unique_pdfs\notifications\The2520Qualifications2520for2520the2520members2520of2520the2520Review2520Committee2520Rules2C252020045B15D_dc144d3b093a.pdf,33240,1,notifications,6,Va Who p~296—,2004,,,,True,1,0,2406,processed,['OCR used on a high proportion of pages'],1,2026-08-06T07:25:45.138510+00:00
legal:5f17ba4bbac856c272ada63a,5f17ba4bbac856c272ada63a5bb6bd8d8a009bcb86bd2059d1e079cd807091cd,D:\Nova Legal\Indian Legal\processed_corpus\_work\extracted_input\raw\The2520State2520Reorganisation2520Act25201956_2706145B15D.pdf,D:\Nova Legal\Indian Legal\processed_corpus\unique_pdfs\acts\The2520State2520Reorganisation2520Act25201956_2706145B15D_5f17ba4bbac8.pdf,406047,74,acts,23,"THE STATES REORGANISATION ACT, 1956",1956,High Court Of Andhra Pradesh,,,False,0,73,157630,processed,[],38,2026-08-06T07:25:46.827209+00:00
legal:a4354a50ebbfb3a02743219d,a4354a50ebbfb3a02743219d795cbc6d0ddbd2979502fb487c496288760426d6,D:\Nova Legal\Indian Legal\processed_corpus\_work\extracted_input\raw\The2520Unlawful2520Activities252028Prevention29252028Recommendation2520and2520Sanction2520of2520Prosecution292520Rules2C25202008252028English2520262520Hindi295B15D.pdf,D:\Nova Legal\Indian Legal\processed_corpus\unique_pdfs\acts\The2520Unlawful2520Activities252028Prevention29252028Recommendation2520and2520Sanction2520of2520Prosecution292520Rules2C25202008252028English2520262520Hindi295B,63381,2,acts,9,"afaret Ho Bto Ueto~33004/99 io. "" —_REGD.NO,D.L.-3300499",2008,,,,True,2,0,3637,processed,['OCR used on a high proportion of pages'],1,2026-08-06T07:25:49.591238+00:00
legal:15201c51c6e8168eb2224529,15201c51c6e8168eb22245296353b38ba1f63bb17ecdde52689a4a8021eac98f,D:\Nova Legal\Indian Legal\processed_corpus\_work\extracted_input\raw\The2520Unlawful2520Activities252028Prevention292520Act2C25201967252028English295B15D.pdf,D:\Nova Legal\Indian Legal\processed_corpus\unique_pdfs\acts\The2520Unlawful2520Activities252028Prevention292520Act2C25201967252028English295B15D_15201c51c6e8.pdf,462441,28,acts,57,"THE UNLAWFUL ACTIVITIES (PREVENTION) ACT, 1967",1967,,,21-9-2004,False,0,28,84558,processed,[],20,2026-08-06T07:25:50.483553+00:00
legal:36500e50941a5af72040e308,36500e50941a5af72040e308a07077df7e9d04e00ed2967e7f3397dddfacbf09,D:\Nova Legal\Indian Legal\processed_corpus\_work\extracted_input\raw\The2520Unlawful2520Activities252028Prevention292520Amendment2520Act2C25202004252028English295B15D.pdf,D:\Nova Legal\Indian Legal\processed_corpus\unique_pdfs\acts\The2520Unlawful2520Activities252028Prevention292520Amendment2520Act2C25202004252028English295B15D_36500e50941a.pdf,535356,14,acts,66,a ste Pe er 04/000 7/2003—05 REGISTERED NO. DL—(N)04/0007/2003—05,2003,,,,True,14,0,41019,processed,['OCR used on a high proportion of pages'],12,2026-08-06T07:26:12.681092+00:00
legal:6af86a61c01a079a097cf3d1,6af86a61c01a079a097cf3d1e8c2c00d2922bce9cc1357bef8c60289a06585f4,D:\Nova Legal\Indian Legal\processed_corpus\_work\extracted_input\raw\The2520Unlawful2520Activities252028Prevention292520Amendment2520Act2C25202008252028English295B15D.pdf,D:\Nova Legal\Indian Legal\processed_corpus\unique_pdfs\acts\The2520Unlawful2520Activities252028Prevention292520Amendment2520Act2C25202008252028English295B15D_6af86a61c01a.pdf,173164,7,acts,56,g red He Sb Te—(TH)04/0007/2003--08 - “REGISTERED No. DL—(N)04/0007/2003—08 -,2003,,,,True,7,0,20834,processed,['OCR used on a high proportion of pages'],6,2026-08-06T07:26:24.337793+00:00
legal:50bfd1dc9ac31abf67dc035c,50bfd1dc9ac31abf67dc035c91b98c3e6b7066add49eb99389615ce783c20b38,D:\Nova Legal\Indian Legal\processed_corpus\_work\extracted_input\raw\The2520Unlawful2520Activities252028Prevention292520Amendment2520Act2C25202012252028English295B15D.pdf,D:\Nova Legal\Indian Legal\processed_corpus\unique_pdfs\acts\The2520Unlawful2520Activities252028Prevention292520Amendment2520Act2C25202012252028English295B15D_50bfd1dc9ac3.pdf,769498,6,acts,56,Tare de Se Ve—(T7)04/0007/2003—13 REGISTERED NO. DL—(N)04/0007/2003—13,2003,,,,True,6,0,16812,processed,['OCR used on a high proportion of pages'],5,2026-08-06T07:26:33.666161+00:00
legal:1bb7b0248d0f19fa38e7293a,1bb7b0248d0f19fa38e7293ac7513f60cf053f3e8c92f04f8e1f5c300e262c34,D:\Nova Legal\Indian Legal\processed_corpus\_work\extracted_input\raw\The2520Unlawful2520Activities252028Prevention292520Rules2C25201968252028English295B15D.pdf,D:\Nova Legal\Indian Legal\processed_corpus\unique_pdfs\notifications\The2520Unlawful2520Activities252028Prevention292520Rules2C25201968252028English295B15D_1bb7b0248d0f.pdf,54894,3,notifications,12,"Thtedt Ho Ato 321 REGISTERED No, D. 221",1968,Court Of The District,,,True,3,0,5608,processed,['OCR used on a high proportion of pages'],2,2026-08-06T07:26:37.576257+00:00
legal:3f5467f6996587026e20a0a0,3f5467f6996587026e20a0a0952a451ce75968d8ea1a0430482a8add54054217,D:\Nova Legal\Indian Legal\processed_corpus\_work\extracted_input\raw\The_Registration_of_Foreigners_Act_19395B15D.pdf,D:\Nova Legal\Indian Legal\processed_corpus\unique_pdfs\acts\The_Registration_of_Foreigners_Act_19395B15D_3f5467f69965.pdf,14872,5,acts,39,"THE REGISTRATION OF FOREIGNERS ACT, 1939",1939,,,24-11-1962,False,0,5,7279,processed,[],2,2026-08-06T07:26:37.769266+00:00
legal:8cb36a593cc12da9f1972cc2,8cb36a593cc12da9f1972cc2f1883697e20d2f48b697af7a78a3a3ec779c810f,D:\Nova Legal\Indian Legal\processed_corpus\_work\extracted_input\raw\TheArmsRules19625B15D.pdf,D:\Nova Legal\Indian Legal\processed_corpus\unique_pdfs\rules\TheArmsRules19625B15D_8cb36a593cc1.pdf,16474776,97,rules,32,"THE ARMS RULES, 1962!",1962,,,8-9-1973,True,97,0,209750,processed,['OCR used on a high proportion of pages'],51,2026-08-06T07:31:29.461215+00:00
legal:755ea22199ccae08fe98a287,755ea22199ccae08fe98a287d339dfc78c548465544c5ce34101975b4d1e5f12,D:\Nova Legal\Indian Legal\processed_corpus\_work\extracted_input\raw\TheCCP28Amendment29Act2C20055B15D.pdf,D:\Nova Legal\Indian Legal\processed_corpus\unique_pdfs\acts\TheCCP28Amendment29Act2C20055B15D_755ea22199cc.pdf,73786,17,acts,43,"THE CODE OF CRIMINAL PROCEDURE (AMENDMENT) ACT, 2005",2005,,,,False,0,17,38444,processed,[],9,2026-08-06T07:31:29.826510+00:00
legal:1e406845b950a34938c07d5d,1e406845b950a34938c07d5dbbffe346a359d20195897059d87564eda9a0a96f,D:\Nova Legal\Indian Legal\processed_corpus\_work\extracted_input\raw\TheCitizenshipRules2009_02012025.pdf,D:\Nova Legal\Indian Legal\processed_corpus\unique_pdfs\notifications\TheCitizenshipRules2009_02012025_1e406845b950.pdf,3924283,155,notifications,7,eae Ho Sho Wet0-33004/99 Aigo. _REGD. NO. D.L-3300499,2009,,,,True,155,0,182862,processed,['OCR used on a high proportion of pages'],46,2026-08-06T07:34:26.676632+00:00
legal:b16d076f5de31861d492a52e,b16d076f5de31861d492a52e026bf6ac8c48ab473c796336c3bf7c0a6fe735c0,D:\Nova Legal\Indian Legal\processed_corpus\_work\extracted_input\raw\TheCommissionsOfInquiryRules2C19725B15D.pdf,D:\Nova Legal\Indian Legal\processed_corpus\unique_pdfs\rules\TheCommissionsOfInquiryRules2C19725B15D_b16d076f5de3.pdf,24185,5,rules,18,"THE COMMISSIONS OF INQUIRY (CENTRAL) RULES, 1972",1972,,,28-10-1989,False,0,5,8190,processed,[],2,2026-08-06T07:34:27.159497+00:00
legal:4252e6cc22512ed174b610d6,4252e6cc22512ed174b610d65805b41a3499f40fb2df17b0e62090845d013a1b,D:\Nova Legal\Indian Legal\processed_corpus\_work\extracted_input\raw\TheConst96AndmtAct20115B15D.pdf,D:\Nova Legal\Indian Legal\processed_corpus\unique_pdfs\acts\TheConst96AndmtAct20115B15D_4252e6cc2251.pdf,184686,1,acts,6,tart Ge So Uee—(WA)04/0007/2003—-11 REGISTERED NO. DiL.—(N)04/0007/2003—11,2003,,,,True,1,0,1274,processed,['OCR used on a high proportion of pages'],1,2026-08-06T07:34:28.494921+00:00
legal:b4aa1e57c4852a7c327e2dfa,b4aa1e57c4852a7c327e2dfa66911d7d0d7a01d7ab4f0011dfbc060dbff73930,D:\Nova Legal\Indian Legal\processed_corpus\_work\extracted_input\raw\TheCrimnalLaw0304135B15D.pdf,D:\Nova Legal\Indian Legal\processed_corpus\unique_pdfs\acts\TheCrimnalLaw0304135B15D_b4aa1e57c485.pdf,5281589,16,acts,29,wae He Se Yer—(T)04/0007/2003—13 REGISTERED NO. DL—{N)04/0007/2003—13,2003,,,,True,16,0,45396,processed,['OCR used on a high proportion of pages'],13,2026-08-06T07:35:00.809339+00:00
legal:fb6284d3c9c7c77ee1d2e2fa,fb6284d3c9c7c77ee1d2e2fa92088cc68a198d806d73e402d1e9a93826ad8a0c,D:\Nova Legal\Indian Legal\processed_corpus\_work\extracted_input\raw\TheEnemypropertyAct2C19685B15D.pdf,D:\Nova Legal\Indian Legal\processed_corpus\unique_pdfs\acts\TheEnemypropertyAct2C19685B15D_fb6284d3c9c7.pdf,4843040,9,acts,88,A rh 8. 221,1968,,,27.9.1977,True,9,0,23304,processed,['OCR used on a high proportion of pages'],6,2026-08-06T07:35:17.863065+00:00
legal:1422498a6acc1410cc31fc5e,1422498a6acc1410cc31fc5e1dd61c04c37ac3280012f81c4a7d3d94a1cb8e1b,D:\Nova Legal\Indian Legal\processed_corpus\_work\extracted_input\raw\TheForeignContributionAmendmentAct_2020_091020205B15D.pdf,D:\Nova Legal\Indian Legal\processed_corpus\unique_pdfs\acts\TheForeignContributionAmendmentAct_2020_091020205B15D_1422498a6acc.pdf,304129,4,acts,32,"jftLVªh lañ Mhñ ,yñ—(,u)04@0007@2003—20 REGISTERED NO. DL—(N)04/0007/2003—20",2003,,,28-09-2020,False,0,4,8981,processed,[],3,2026-08-06T07:35:17.997712+00:00
legal:9baf3d0c305a1e6a2d7c2167,9baf3d0c305a1e6a2d7c216761c9ed6b942ec2c31cbe987d982869a1d5caf655,D:\Nova Legal\Indian Legal\processed_corpus\_work\extracted_input\raw\TheForeignersAct19465B15D.pdf,D:\Nova Legal\Indian Legal\processed_corpus\unique_pdfs\acts\TheForeignersAct19465B15D_9baf3d0c305a.pdf,26761,6,acts,73,"Act Name : THE FOREIGNERS ACT, 1946",1946,,case not,24-11-1962,False,0,6,22081,processed,[],6,2026-08-06T07:35:18.235201+00:00
legal:e75b29420a8d6e951423793d,e75b29420a8d6e951423793df797dca1320ab5bf1cb520e960bd867dbeb83b28,D:\Nova Legal\Indian Legal\processed_corpus\_work\extracted_input\raw\THENATIONALINVESTIGATIONAGENCYACT2008_03032020_05B15D.pdf,D:\Nova Legal\Indian Legal\processed_corpus\unique_pdfs\acts\THENATIONALINVESTIGATIONAGENCYACT2008_03032020_05B15D_e75b29420a8d.pdf,417552,10,acts,64,"THE NATIONAL INVESTIGATION AGENCY (AMENDMENT) ACT, 2019",2019,High Court Of The State In Which A Court Of Session To Be Designated,,,False,0,10,25340,processed,[],6,2026-08-06T07:35:18.485928+00:00
legal:a7d774fa31a64a614861a8fe,a7d774fa31a64a614861a8fec021c05e41790a4874f249d15bb5ed33e97d4610,D:\Nova Legal\Indian Legal\processed_corpus\_work\extracted_input\raw\ThePunjabSpecialPowersAct19565B15D.pdf,D:\Nova Legal\Indian Legal\processed_corpus\unique_pdfs\acts\ThePunjabSpecialPowersAct19565B15D_a7d774fa31a6.pdf,16418,3,acts,24,THE PUNJAB SPECIAL POWERS (PRESS),1956,,,,False,0,3,5402,processed,[],2,2026-08-06T07:35:18.559301+00:00
legal:718b825a96553ec57167219e,718b825a96553ec57167219e2a7463ccb05b28c34951b6a17236ac668e138c2e,D:\Nova Legal\Indian Legal\processed_corpus\_work\extracted_input\raw\TheRashtriyaRakshaUniversityAct2020_05012021_15B15D.pdf,D:\Nova Legal\Indian Legal\processed_corpus\unique_pdfs\acts\TheRashtriyaRakshaUniversityAct2020_05012021_15B15D_718b825a9655.pdf,337567,16,acts,36,"jftLVªh lañ Mhñ ,yñ—(,u)04@0007@2003—20 REGISTERED NO. DL—(N)04/0007/2003—20",2003,,,,False,0,16,47501,processed,[],11,2026-08-06T07:35:18.958028+00:00
legal:202db749df5fd00b5257cfef,202db749df5fd00b5257cfef472087c432e5e1ddbe33f8c23b9041d33cc932ff,D:\Nova Legal\Indian Legal\processed_corpus\_work\extracted_input\raw\Transfer_prisoners_act19505B15D.pdf,D:\Nova Legal\Indian Legal\processed_corpus\unique_pdfs\acts\Transfer_prisoners_act19505B15D_202db749df5f.pdf,13958,3,acts,27,"[THE] TRANSFER OF PRISONERS ACT, 1950",1950,,,30-11-1998,False,0,3,3604,processed,[],1,2026-08-06T07:35:19.048250+00:00
legal:879599d982edff9645faa5b9,879599d982edff9645faa5b9d136538e47d209c27daea46868bfb13b5d4b8c58,D:\Nova Legal\Indian Legal\processed_corpus\_work\extracted_input\raw\UpdatedGovernorsRules1987_051120185B15D.pdf,D:\Nova Legal\Indian Legal\processed_corpus\unique_pdfs\rules\UpdatedGovernorsRules1987_051120185B15D_879599d982ed.pdf,103480,15,rules,36,Government of India,1987,,,28.12.1992,False,0,15,30221,processed,[],8,2026-08-06T07:35:19.344253+00:00
legal:b08d8ff5907c45717c123115,b08d8ff5907c45717c1231155b8d28aa05c5a4e3726706b855b9886e02557d2d,D:\Nova Legal\Indian Legal\processed_corpus\_work\extracted_input\raw\UpdatedPresidentPensionRules1962_110520185B15D.pdf,D:\Nova Legal\Indian Legal\processed_corpus\unique_pdfs\rules\UpdatedPresidentPensionRules1962_110520185B15D_b08d8ff5907c.pdf,42437,8,rules,34,MINISTRY OF HOME AFFAIRS,1962,,,9-4-1986,False,0,8,15353,processed,[],4,2026-08-06T07:35:19.502076+00:00
legal:e35d00931e9de98cc124a1cc,e35d00931e9de98cc124a1cc362d8947b58ce6a63c6da09ad293b35e36fa17e1,D:\Nova Legal\Indian Legal\processed_corpus\_work\extracted_input\raw\UpdatedVicePresidentRules1999_11052018_15B15D.pdf,D:\Nova Legal\Indian Legal\processed_corpus\unique_pdfs\rules\UpdatedVicePresidentRules1999_11052018_15B15D_e35d00931e9d.pdf,31613,5,rules,23,MINISTRY OF HOME AFFAIRS,1999,,,10-2-2009,False,0,5,11151,processed,[],3,2026-08-06T07:35:19.607605+00:00
legal:1745207ae9bd004db636af58,1745207ae9bd004db636af58cbaba204db3297c40d2f4509b81ddc27e870dfd6,D:\Nova Legal\Indian Legal\processed_corpus\_work\extracted_input\raw\UPReogAct2000_1309135B15D.PDF,D:\Nova Legal\Indian Legal\processed_corpus\unique_pdfs\acts\UPReogAct2000_1309135B15D_1745207ae9bd.pdf,696224,39,acts,30,rest We Sorrt-33004 / 2000 ; “REGISTERED. NO. DL-33004/2000,2000,,,,True,39,0,115190,processed,['OCR used on a high proportion of pages'],29,2026-08-06T07:36:23.875247+00:00
legal:ea058ad5d58489130cdca3ef,ea058ad5d58489130cdca3ef626848e171fad0a05f9d7a8214384e6fa2b49323,D:\Nova Legal\Indian Legal\processed_corpus\_work\extracted_input\raw\userGuide.pdf,D:\Nova Legal\Indian Legal\processed_corpus\unique_pdfs\acts\userGuide_ea058ad5d584.pdf,1431997,17,acts,8,Search Tips for Searching India Code,,,,,True,1,16,8865,processed,[],2,2026-08-06T07:36:24.744643+00:00
legal:7b835ab3d83d903cd6ca2466,7b835ab3d83d903cd6ca24663dd442bcd2a592275bff6a301060c6fc785b4e66,D:\Nova Legal\Indian Legal\processed_corpus\_work\extracted_input\raw\UTdiv_Act_3112019_05B15D.pdf,D:\Nova Legal\Indian Legal\processed_corpus\unique_pdfs\acts\UTdiv_Act_3112019_05B15D_7b835ab3d83d.pdf,718285,6,acts,19,"jftLVªh lañ Mhñ ,yñ—(,u)04@0007@2003—19 REGISTERED NO. DL—(N)04/0007/2003—19",2003,High Court Of Bombay Extension Of,,,False,0,6,15210,processed,[],4,2026-08-06T07:36:25.106167+00:00
legal:76cd7d261e88ab32f671c37f,76cd7d261e88ab32f671c37f075a2c7b813f7d784255c55544b327dbbda228a8,D:\Nova Legal\Indian Legal\processed_corpus\_work\extracted_input\raw\Vice_presidents_pension_act19975B15D.pdf,D:\Nova Legal\Indian Legal\processed_corpus\unique_pdfs\acts\Vice_presidents_pension_act19975B15D_76cd7d261e88.pdf,18124,3,acts,40,"THE VICE-PRESIDENT’S PENSION ACT, 1997",1997,,,,False,0,3,5889,processed,[],2,2026-08-06T07:36:25.174395+00:00
legal:f711e21e65d62b83a5afe0bf,f711e21e65d62b83a5afe0bf34a91037401dbb40b4450a9425f3fc801be2a32d,D:\Nova Legal\Indian Legal\processed_corpus\_work\extracted_input\raw\VicePresidentActupto2018_090820185B15D.pdf,D:\Nova Legal\Indian Legal\processed_corpus\unique_pdfs\acts\VicePresidentActupto2018_090820185B15D_f711e21e65d6.pdf,22111,3,acts,43,"THE VICE-PRESIDENT’S PENSION ACT, 1997",1997,,,1.4.2018,False,0,3,6044,processed,[],2,2026-08-06T07:36:25.270746+00:00
legal:b105a859be5ecd4411b4c7c6,b105a859be5ecd4411b4c7c69f43d10b7740e36a5f06cf2cdf9d1ba587664c8b,D:\Nova Legal\Indian Legal\processed_corpus\_work\extracted_input\raw\VicePresidentRulesupto2018_090820185B15D.pdf,D:\Nova Legal\Indian Legal\processed_corpus\unique_pdfs\rules\VicePresidentRulesupto2018_090820185B15D_b105a859be5e.pdf,31614,5,rules,23,MINISTRY OF HOME AFFAIRS,1999,,,10-2-2009,False,0,5,11151,processed,[],3,2026-08-06T07:36:25.413843+00:00
legal:43b0dff584e03aef5d16bae3,43b0dff584e03aef5d16bae3c9240d1cd5c6f3d98aa34c79532f22e40721182c,D:\Nova Legal\Indian Legal\processed_corpus\_work\extracted_input\raw\WP-No.32027W.pdf,D:\Nova Legal\Indian Legal\processed_corpus\unique_pdfs\orders\WP-No.32027W_43b0dff584e0.pdf,1552823,7,orders,9,| 14.07.11 C.P.A.N. 1270 of 2010,2010,,,,True,7,0,8194,processed,['OCR used on a high proportion of pages'],2,2026-08-06T07:36:34.422323+00:00
legal:d37a30412dcfbc70824bb48c,d37a30412dcfbc70824bb48c4c884b2ff435b6c06b7b66aa31ae660a12d53b0e,D:\Nova Legal\Indian Legal\processed_corpus\_work\extracted_input\raw\Young_Persons_Harmful2520Publication_2520Act19565B15D.pdf,D:\Nova Legal\Indian Legal\processed_corpus\unique_pdfs\acts\Young_Persons_Harmful2520Publication_2520Act19565B15D_d37a30412dcf.pdf,13654,4,acts,15,"THE YOUNG PERSONS (HARMFUL PUBLICATIONS) ACT,",1956,,,28.2.1984,False,0,4,5503,processed,[],2,2026-08-06T07:36:34.511303+00:00
